"","breakpoint","elpd_loo","se_elpd_loo"
"1",2010.5,-31.3745155843894,3.02768798029015
"2",2011.5,-30.9057534159675,5.14206314585765
"3",2012.5,-24.281940805532,6.41165900851485
"4",2013.5,-15.2592029669896,2.61373111864461
"5",2014.5,-20.4107336061551,3.53584602240525
"6",2015.5,-19.7569401214522,3.12789691292819
"7",2016.5,-19.1742807477342,2.88337802235885
"8",2017.5,-23.7471488774197,3.36703360974718
"9",2018.5,-27.1853719166397,2.72721374626738
