"","breakpoint","elpd_loo","se_elpd_loo"
"1",2010.5,-30.3055298758526,3.14660174940819
"2",2011.5,-29.4373098502642,4.85509184788193
"3",2012.5,-24.8782425006262,5.39559949292661
"4",2013.5,-16.8865589992933,2.79406510107176
"5",2014.5,-22.7788181132501,4.03314006296149
"6",2015.5,-22.2615197080296,2.88661959273428
"7",2016.5,-20.7096178008762,2.36328904267952
"8",2017.5,-23.4622897612802,2.48179232575557
"9",2018.5,-26.8018296986239,2.5322138212667
