Date,Station,Site,Bay,species,length,,
7/11/2026,686,Fal-2,Falmouth,Alaska plaice,110,,
7/4/2026,672,Jap-7,Japanese ,black rockfish,160,,
6/16/2026,657,Eelgrass South,Cook,black rockfish,172,,
7/4/2026,672,Jap-7,Japanese ,black rockfish,180,,
7/4/2026,672,Jap-7,Japanese ,black rockfish,184,,
7/4/2026,672,Jap-7,Japanese ,black rockfish,185,,
7/4/2026,672,Jap-7,Japanese ,black rockfish,186,,
7/4/2026,672,Jap-7,Japanese ,black rockfish,192,,
7/4/2026,672,Jap-7,Japanese ,black rockfish,193,,
7/21/2026,707,PW-3,Port Wrangell,black rockfish,194,,
6/16/2026,657,Eelgrass South,Cook,black rockfish,195,,
7/21/2026,707,PW-3,Port Wrangell,black rockfish,211,,
6/16/2026,656,Laminaria South,Cook,capelin,53,,
6/16/2026,656,Laminaria South,Cook,capelin,58,,
7/11/2026,684,Fal-4,Falmouth,capelin,72,,
7/11/2026,684,Fal-4,Falmouth,capelin,73,,
7/11/2026,684,Fal-4,Falmouth,capelin,75,,
7/14/2026,694,Sand-3,Sand Point,chinook salmon,91,,
7/2/2026,669,Kai-4,Kaiugnak,chinook salmon,94,,
7/21/2026,709,PW-4,Port Wrangell,chinook salmon,102,,
7/21/2026,709,PW-4,Port Wrangell,chinook salmon,108,,
7/12/2026,689,Bar-3,Baralof,chinook salmon,109,,
7/12/2026,689,Bar-3,Baralof,chinook salmon,113,,
7/12/2026,688,Bar-4,Baralof,chinook salmon,116,,
7/12/2026,688,Bar-4,Baralof,chinook salmon,120,,
7/4/2026,674,Jap-3,Japanese ,chinook salmon,120,,
7/4/2026,677,Jap-5,Japanese ,chinook salmon,123,,
7/12/2026,689,Bar-3,Baralof,chinook salmon,125,,
7/12/2026,688,Bar-4,Baralof,chinook salmon,125,,
7/12/2026,688,Bar-4,Baralof,chinook salmon,125,,
7/12/2026,688,Bar-4,Baralof,chinook salmon,125,,
7/2/2026,669,Kai-4,Kaiugnak,chinook salmon,126,,
7/9/2026,679,BB-2,Balboa,chinook salmon,127,,
7/12/2026,689,Bar-3,Baralof,chinook salmon,128,,
7/12/2026,689,Bar-3,Baralof,chinook salmon,128,,
7/12/2026,688,Bar-4,Baralof,chinook salmon,130,,
7/12/2026,688,Bar-4,Baralof,chinook salmon,139,,
7/12/2026,688,Bar-4,Baralof,chinook salmon,140,,
7/12/2026,688,Bar-4,Baralof,chinook salmon,140,,
7/12/2026,688,Bar-4,Baralof,chinook salmon,143,,
7/21/2026,706,PW-2,Port Wrangell,chinook salmon,144,,
7/12/2026,688,Bar-4,Baralof,chinook salmon,145,,
7/12/2026,688,Bar-4,Baralof,chinook salmon,150,,
7/12/2026,688,Bar-4,Baralof,chinook salmon,150,,
7/12/2026,688,Bar-4,Baralof,chinook salmon,150,,
7/12/2026,688,Bar-4,Baralof,chinook salmon,155,,
7/12/2026,688,Bar-4,Baralof,chinook salmon,155,,
7/12/2026,688,Bar-4,Baralof,chinook salmon,162,,
7/12/2026,688,Bar-4,Baralof,chinook salmon,168,,
7/12/2026,688,Bar-4,Baralof,chinook salmon,175,,
7/12/2026,688,Bar-4,Baralof,chinook salmon,175,,
7/4/2026,677,Jap-5,Japanese ,chum salmon,46,,
7/9/2026,679,BB-2,Balboa,chum salmon,54,,
7/2/2026,669,Kai-4,Kaiugnak,chum salmon,56,,
7/12/2026,691,Bar-1,Baralof,chum salmon,57,,
7/12/2026,690,Bar-2,Baralof,chum salmon,57,,
7/12/2026,689,Bar-3,Baralof,chum salmon,58,,
7/9/2026,679,BB-2,Balboa,chum salmon,58,,
7/16/2026,696,Fox-4,Fox,chum salmon,58,,
7/4/2026,677,Jap-5,Japanese ,chum salmon,58,,
7/21/2026,706,PW-2,Port Wrangell,chum salmon,58,,
7/12/2026,690,Bar-2,Baralof,chum salmon,59,,
7/4/2026,677,Jap-5,Japanese ,chum salmon,60,,
7/4/2026,677,Jap-5,Japanese ,chum salmon,60,,
7/2/2026,670,Kai-1,Kaiugnak,chum salmon,61,,
7/9/2026,680,BB-4,Balboa,chum salmon,62,,
7/9/2026,681,BB-7,Balboa,chum salmon,62,,
7/21/2026,706,PW-2,Port Wrangell,chum salmon,62,,
7/12/2026,691,Bar-1,Baralof,chum salmon,63,,
7/9/2026,679,BB-2,Balboa,chum salmon,63,,
7/12/2026,691,Bar-1,Baralof,chum salmon,64,,
7/12/2026,691,Bar-1,Baralof,chum salmon,64,,
7/12/2026,691,Bar-1,Baralof,chum salmon,64,,
7/12/2026,691,Bar-1,Baralof,chum salmon,64,,
7/12/2026,689,Bar-3,Baralof,chum salmon,64,,
7/9/2026,681,BB-7,Balboa,chum salmon,64,,
7/4/2026,677,Jap-5,Japanese ,chum salmon,64,,
7/21/2026,706,PW-2,Port Wrangell,chum salmon,64,,
7/12/2026,690,Bar-2,Baralof,chum salmon,65,,
7/12/2026,689,Bar-3,Baralof,chum salmon,65,,
7/12/2026,689,Bar-3,Baralof,chum salmon,65,,
7/12/2026,689,Bar-3,Baralof,chum salmon,65,,
7/9/2026,679,BB-2,Balboa,chum salmon,65,,
7/9/2026,680,BB-4,Balboa,chum salmon,65,,
7/9/2026,680,BB-4,Balboa,chum salmon,65,,
7/9/2026,680,BB-4,Balboa,chum salmon,65,,
7/9/2026,680,BB-4,Balboa,chum salmon,65,,
7/9/2026,680,BB-4,Balboa,chum salmon,65,,
7/9/2026,681,BB-7,Balboa,chum salmon,65,,
7/16/2026,700,Fox-2,Fox,chum salmon,65,,
7/21/2026,708,PW-1,Port Wrangell,chum salmon,65,,
7/21/2026,708,PW-1,Port Wrangell,chum salmon,65,,
7/21/2026,707,PW-3,Port Wrangell,chum salmon,65,,
7/21/2026,707,PW-3,Port Wrangell,chum salmon,65,,
7/12/2026,691,Bar-1,Baralof,chum salmon,66,,
7/12/2026,689,Bar-3,Baralof,chum salmon,66,,
7/12/2026,689,Bar-3,Baralof,chum salmon,66,,
7/12/2026,689,Bar-3,Baralof,chum salmon,66,,
7/9/2026,681,BB-7,Balboa,chum salmon,66,,
7/9/2026,681,BB-7,Balboa,chum salmon,66,,
7/21/2026,707,PW-3,Port Wrangell,chum salmon,66,,
7/21/2026,707,PW-3,Port Wrangell,chum salmon,66,,
7/12/2026,691,Bar-1,Baralof,chum salmon,67,,
7/12/2026,689,Bar-3,Baralof,chum salmon,67,,
7/12/2026,689,Bar-3,Baralof,chum salmon,67,,
7/9/2026,678,BB-3,Balboa,chum salmon,67,,
7/9/2026,681,BB-7,Balboa,chum salmon,67,,
7/9/2026,681,BB-7,Balboa,chum salmon,67,,
7/21/2026,706,PW-2,Port Wrangell,chum salmon,67,,
7/22/2026,710,AG-1,Agripina,chum salmon,68,,
7/12/2026,691,Bar-1,Baralof,chum salmon,68,,
7/12/2026,691,Bar-1,Baralof,chum salmon,68,,
7/12/2026,689,Bar-3,Baralof,chum salmon,68,,
7/12/2026,689,Bar-3,Baralof,chum salmon,68,,
7/12/2026,689,Bar-3,Baralof,chum salmon,68,,
7/12/2026,689,Bar-3,Baralof,chum salmon,68,,
7/9/2026,679,BB-2,Balboa,chum salmon,68,,
7/9/2026,679,BB-2,Balboa,chum salmon,68,,
7/9/2026,679,BB-2,Balboa,chum salmon,68,,
7/9/2026,680,BB-4,Balboa,chum salmon,68,,
7/9/2026,680,BB-4,Balboa,chum salmon,68,,
7/9/2026,680,BB-4,Balboa,chum salmon,68,,
7/9/2026,680,BB-4,Balboa,chum salmon,68,,
7/9/2026,680,BB-4,Balboa,chum salmon,68,,
7/9/2026,680,BB-4,Balboa,chum salmon,68,,
7/9/2026,680,BB-4,Balboa,chum salmon,68,,
7/4/2026,673,Jap-2,Japanese ,chum salmon,68,,
7/21/2026,708,PW-1,Port Wrangell,chum salmon,68,,
7/21/2026,706,PW-2,Port Wrangell,chum salmon,68,,
7/21/2026,706,PW-2,Port Wrangell,chum salmon,68,,
7/9/2026,679,BB-2,Balboa,chum salmon,69,,
7/9/2026,681,BB-7,Balboa,chum salmon,69,,
7/9/2026,681,BB-7,Balboa,chum salmon,69,,
7/22/2026,710,AG-1,Agripina,chum salmon,70,,
7/12/2026,689,Bar-3,Baralof,chum salmon,70,,
7/9/2026,678,BB-3,Balboa,chum salmon,70,,
7/9/2026,680,BB-4,Balboa,chum salmon,70,,
7/9/2026,681,BB-7,Balboa,chum salmon,70,,
7/9/2026,681,BB-7,Balboa,chum salmon,70,,
7/9/2026,681,BB-7,Balboa,chum salmon,70,,
7/9/2026,681,BB-7,Balboa,chum salmon,70,,
7/2/2026,669,Kai-4,Kaiugnak,chum salmon,70,,
7/21/2026,708,PW-1,Port Wrangell,chum salmon,70,,
7/21/2026,706,PW-2,Port Wrangell,chum salmon,70,,
7/21/2026,706,PW-2,Port Wrangell,chum salmon,70,,
7/21/2026,706,PW-2,Port Wrangell,chum salmon,70,,
7/21/2026,707,PW-3,Port Wrangell,chum salmon,70,,
7/21/2026,707,PW-3,Port Wrangell,chum salmon,70,,
7/9/2026,680,BB-4,Balboa,chum salmon,71,,
7/9/2026,681,BB-7,Balboa,chum salmon,71,,
7/21/2026,706,PW-2,Port Wrangell,chum salmon,71,,
7/21/2026,707,PW-3,Port Wrangell,chum salmon,71,,
7/12/2026,689,Bar-3,Baralof,chum salmon,72,,
7/12/2026,689,Bar-3,Baralof,chum salmon,72,,
7/12/2026,689,Bar-3,Baralof,chum salmon,72,,
7/9/2026,679,BB-2,Balboa,chum salmon,72,,
7/9/2026,680,BB-4,Balboa,chum salmon,72,,
7/9/2026,680,BB-4,Balboa,chum salmon,72,,
7/9/2026,681,BB-7,Balboa,chum salmon,72,,
7/2/2026,670,Kai-1,Kaiugnak,chum salmon,72,,
7/21/2026,708,PW-1,Port Wrangell,chum salmon,72,,
7/22/2026,710,AG-1,Agripina,chum salmon,73,,
7/9/2026,680,BB-4,Balboa,chum salmon,73,,
7/9/2026,681,BB-7,Balboa,chum salmon,73,,
7/9/2026,681,BB-7,Balboa,chum salmon,73,,
7/4/2026,675,Jap-6,Japanese ,chum salmon,73,,
7/2/2026,666,Kai-3,Kaiugnak,chum salmon,73,,
7/21/2026,706,PW-2,Port Wrangell,chum salmon,73,,
7/22/2026,712,AG-5,Agripina,chum salmon,74,,
7/9/2026,679,BB-2,Balboa,chum salmon,74,,
7/9/2026,678,BB-3,Balboa,chum salmon,74,,
7/9/2026,680,BB-4,Balboa,chum salmon,74,,
7/9/2026,680,BB-4,Balboa,chum salmon,74,,
7/9/2026,681,BB-7,Balboa,chum salmon,74,,
7/4/2026,673,Jap-2,Japanese ,chum salmon,74,,
7/4/2026,675,Jap-6,Japanese ,chum salmon,74,,
7/4/2026,675,Jap-6,Japanese ,chum salmon,74,,
7/4/2026,672,Jap-7,Japanese ,chum salmon,74,,
7/21/2026,709,PW-4,Port Wrangell,chum salmon,74,,
7/9/2026,679,BB-2,Balboa,chum salmon,75,,
7/9/2026,679,BB-2,Balboa,chum salmon,75,,
7/9/2026,678,BB-3,Balboa,chum salmon,75,,
7/9/2026,678,BB-3,Balboa,chum salmon,75,,
7/9/2026,681,BB-7,Balboa,chum salmon,75,,
7/9/2026,681,BB-7,Balboa,chum salmon,75,,
7/4/2026,673,Jap-2,Japanese ,chum salmon,75,,
7/4/2026,675,Jap-6,Japanese ,chum salmon,75,,
7/2/2026,666,Kai-3,Kaiugnak,chum salmon,75,,
7/22/2026,712,AG-5,Agripina,chum salmon,76,,
7/22/2026,712,AG-5,Agripina,chum salmon,76,,
7/9/2026,680,BB-4,Balboa,chum salmon,76,,
7/9/2026,681,BB-7,Balboa,chum salmon,76,,
7/16/2026,700,Fox-2,Fox,chum salmon,76,,
7/4/2026,675,Jap-6,Japanese ,chum salmon,76,,
7/21/2026,706,PW-2,Port Wrangell,chum salmon,76,,
7/2/2026,666,Kai-3,Kaiugnak,chum salmon,77,,
7/12/2026,689,Bar-3,Baralof,chum salmon,78,,
7/4/2026,673,Jap-2,Japanese ,chum salmon,78,,
7/2/2026,666,Kai-3,Kaiugnak,chum salmon,78,,
7/2/2026,669,Kai-4,Kaiugnak,chum salmon,78,,
7/12/2026,689,Bar-3,Baralof,chum salmon,80,,
7/9/2026,678,BB-3,Balboa,chum salmon,80,,
7/4/2026,673,Jap-2,Japanese ,chum salmon,80,,
7/4/2026,673,Jap-2,Japanese ,chum salmon,80,,
7/21/2026,707,PW-3,Port Wrangell,chum salmon,80,,
7/22/2026,712,AG-5,Agripina,chum salmon,81,,
7/12/2026,691,Bar-1,Baralof,chum salmon,82,,
7/12/2026,689,Bar-3,Baralof,chum salmon,82,,
7/2/2026,669,Kai-4,Kaiugnak,chum salmon,82,,
7/9/2026,679,BB-2,Balboa,chum salmon,85,,
7/22/2026,712,AG-5,Agripina,chum salmon,86,,
7/9/2026,678,BB-3,Balboa,chum salmon,87,,
7/4/2026,677,Jap-5,Japanese ,coho salmon,44,,
7/4/2026,672,Jap-7,Japanese ,coho salmon,58,,
7/21/2026,709,PW-4,Port Wrangell,coho salmon,58,,
7/22/2026,715,AG-6,Agripina,coho salmon,60,,
7/22/2026,715,AG-6,Agripina,coho salmon,62,,
7/21/2026,709,PW-4,Port Wrangell,coho salmon,63,,
7/21/2026,709,PW-4,Port Wrangell,coho salmon,68,,
7/21/2026,709,PW-4,Port Wrangell,coho salmon,70,,
7/22/2026,715,AG-6,Agripina,coho salmon,73,,
7/22/2026,715,AG-6,Agripina,coho salmon,74,,
7/21/2026,709,PW-4,Port Wrangell,coho salmon,76,,
7/4/2026,672,Jap-7,Japanese ,copper rockfish,45,,
7/4/2026,675,Jap-6,Japanese ,copper rockfish,50,,
7/2/2026,669,Kai-4,Kaiugnak,copper rockfish,50,,
7/2/2026,669,Kai-4,Kaiugnak,copper rockfish,54,,
7/11/2026,683,Fal-1,Falmouth,copper rockfish,56,,
7/2/2026,669,Kai-4,Kaiugnak,copper rockfish,56,,
7/4/2026,672,Jap-7,Japanese ,copper rockfish,58,,
7/2/2026,668,Kai-7,Kaiugnak,copper rockfish,58,,
6/30/2026,665,Kil-5,Kiliuda,copper rockfish,58,,
7/4/2026,676,Jap-1,Japanese ,copper rockfish,61,,
7/21/2026,707,PW-3,Port Wrangell,copper rockfish,62,,
7/2/2026,669,Kai-4,Kaiugnak,copper rockfish,63,,
7/4/2026,672,Jap-7,Japanese ,copper rockfish,64,,
7/22/2026,714,AG-4,Agripina,copper rockfish,65,,
7/4/2026,676,Jap-1,Japanese ,copper rockfish,65,,
7/4/2026,672,Jap-7,Japanese ,copper rockfish,65,,
7/4/2026,672,Jap-7,Japanese ,copper rockfish,65,,
7/2/2026,669,Kai-4,Kaiugnak,copper rockfish,65,,
7/2/2026,669,Kai-4,Kaiugnak,copper rockfish,65,,
6/30/2026,663,Kil-4,Kiliuda,copper rockfish,65,,
6/30/2026,665,Kil-5,Kiliuda,copper rockfish,65,,
7/4/2026,675,Jap-6,Japanese ,copper rockfish,66,,
7/4/2026,672,Jap-7,Japanese ,copper rockfish,66,,
7/2/2026,669,Kai-4,Kaiugnak,copper rockfish,66,,
7/2/2026,669,Kai-4,Kaiugnak,copper rockfish,67,,
6/30/2026,663,Kil-4,Kiliuda,copper rockfish,67,,
7/4/2026,675,Jap-6,Japanese ,copper rockfish,68,,
7/2/2026,669,Kai-4,Kaiugnak,copper rockfish,68,,
7/2/2026,668,Kai-7,Kaiugnak,copper rockfish,68,,
6/30/2026,662,Kil-3,Kiliuda,copper rockfish,68,,
6/30/2026,663,Kil-4,Kiliuda,copper rockfish,68,,
7/4/2026,676,Jap-1,Japanese ,copper rockfish,69,,
7/4/2026,676,Jap-1,Japanese ,copper rockfish,70,,
7/2/2026,669,Kai-4,Kaiugnak,copper rockfish,70,,
6/30/2026,663,Kil-4,Kiliuda,copper rockfish,70,,
6/30/2026,663,Kil-4,Kiliuda,copper rockfish,70,,
7/4/2026,675,Jap-6,Japanese ,copper rockfish,71,,
6/30/2026,665,Kil-5,Kiliuda,copper rockfish,71,,
7/21/2026,707,PW-3,Port Wrangell,copper rockfish,72,,
7/11/2026,683,Fal-1,Falmouth,copper rockfish,75,,
6/30/2026,663,Kil-4,Kiliuda,copper rockfish,75,,
6/30/2026,665,Kil-5,Kiliuda,copper rockfish,75,,
7/4/2026,675,Jap-6,Japanese ,copper rockfish,76,,
6/30/2026,663,Kil-4,Kiliuda,copper rockfish,76,,
6/30/2026,664,Kil-6,Kiliuda,copper rockfish,76,,
6/30/2026,662,Kil-3,Kiliuda,copper rockfish,78,,
6/30/2026,665,Kil-5,Kiliuda,copper rockfish,80,,
6/30/2026,665,Kil-5,Kiliuda,copper rockfish,82,,
7/12/2026,688,Bar-4,Baralof,dolly varden,180,,
7/12/2026,688,Bar-4,Baralof,dolly varden,191,,
7/12/2026,688,Bar-4,Baralof,dolly varden,215,,
7/12/2026,688,Bar-4,Baralof,dolly varden,240,,
7/9/2026,678,BB-3,Balboa,dolly varden,255,,
6/16/2026,656,Laminaria South,Cook,dolly varden,255,,
7/12/2026,688,Bar-4,Baralof,dolly varden,280,,
7/9/2026,679,BB-2,Balboa,dolly varden,330,,
6/16/2026,657,Eelgrass South,Cook,dolly varden,348,,
7/11/2026,686,Fal-2,Falmouth,English sole,54,,
7/11/2026,686,Fal-2,Falmouth,English sole,55,,
7/11/2026,686,Fal-2,Falmouth,English sole,56,,
7/11/2026,686,Fal-2,Falmouth,English sole,60,,
7/11/2026,686,Fal-2,Falmouth,English sole,60,,
7/11/2026,686,Fal-2,Falmouth,English sole,61,,
7/11/2026,686,Fal-2,Falmouth,English sole,61,,
7/11/2026,686,Fal-2,Falmouth,English sole,65,,
7/2/2026,666,Kai-3,Kaiugnak,English sole,65,,
7/11/2026,686,Fal-2,Falmouth,English sole,70,,
7/22/2026,711,AG-2,Agripina,lingcod,83,,
7/12/2026,689,Bar-3,Baralof,northern rock sole,26,,
7/11/2026,686,Fal-2,Falmouth,northern rock sole,35,,
7/11/2026,686,Fal-2,Falmouth,northern rock sole,40,,
7/11/2026,686,Fal-2,Falmouth,northern rock sole,45,,
7/11/2026,686,Fal-2,Falmouth,northern rock sole,55,,
7/11/2026,686,Fal-2,Falmouth,northern rock sole,55,,
7/2/2026,669,Kai-4,Kaiugnak,northern rock sole,56,,
7/11/2026,686,Fal-2,Falmouth,northern rock sole,58,,
7/11/2026,686,Fal-2,Falmouth,northern rock sole,58,,
7/11/2026,686,Fal-2,Falmouth,northern rock sole,120,,
7/2/2026,667,Kai-6,Kaiugnak,northern spearnose poacher,47,,
7/12/2026,688,Bar-4,Baralof,Pacific cod,26,,
7/12/2026,691,Bar-1,Baralof,Pacific cod,28,,
7/16/2026,697,Fox-5,Fox,Pacific cod,28,,
6/16/2026,659,Laminaria East,Cook,Pacific cod,29,,
7/12/2026,689,Bar-3,Baralof,Pacific cod,30,,
7/12/2026,688,Bar-4,Baralof,Pacific cod,30,,
7/12/2026,688,Bar-4,Baralof,Pacific cod,30,,
7/11/2026,683,Fal-1,Falmouth,Pacific cod,30,,
7/11/2026,684,Fal-4,Falmouth,Pacific cod,30,,
7/2/2026,668,Kai-7,Kaiugnak,Pacific cod,30,,
6/30/2026,665,Kil-5,Kiliuda,Pacific cod,30,,
6/16/2026,656,Laminaria South,Cook,Pacific cod,30,,
6/16/2026,656,Laminaria South,Cook,Pacific cod,30,,
6/16/2026,656,Laminaria South,Cook,Pacific cod,30,,
6/16/2026,659,Laminaria East,Cook,Pacific cod,30,,
6/16/2026,659,Laminaria East,Cook,Pacific cod,30,,
6/16/2026,659,Laminaria East,Cook,Pacific cod,30,,
6/16/2026,659,Laminaria East,Cook,Pacific cod,30,,
7/12/2026,691,Bar-1,Baralof,Pacific cod,31,,
7/12/2026,688,Bar-4,Baralof,Pacific cod,31,,
7/9/2026,678,BB-3,Balboa,Pacific cod,31,,
7/11/2026,683,Fal-1,Falmouth,Pacific cod,31,,
7/4/2026,677,Jap-5,Japanese ,Pacific cod,31,,
7/4/2026,675,Jap-6,Japanese ,Pacific cod,31,,
6/16/2026,656,Laminaria South,Cook,Pacific cod,31,,
6/16/2026,656,Laminaria South,Cook,Pacific cod,31,,
6/16/2026,659,Laminaria East,Cook,Pacific cod,31,,
6/16/2026,659,Laminaria East,Cook,Pacific cod,31,,
6/16/2026,659,Laminaria East,Cook,Pacific cod,31,,
7/14/2026,695,Sand-2,Sand Point,Pacific cod,31,,
7/12/2026,688,Bar-4,Baralof,Pacific cod,32,,
7/12/2026,688,Bar-4,Baralof,Pacific cod,32,,
7/9/2026,680,BB-4,Balboa,Pacific cod,32,,
7/11/2026,683,Fal-1,Falmouth,Pacific cod,32,,
7/11/2026,684,Fal-4,Falmouth,Pacific cod,32,,
7/11/2026,684,Fal-4,Falmouth,Pacific cod,32,,
7/11/2026,684,Fal-4,Falmouth,Pacific cod,32,,
7/16/2026,700,Fox-2,Fox,Pacific cod,32,,
7/16/2026,698,Fox-3,Fox,Pacific cod,32,,
7/16/2026,698,Fox-3,Fox,Pacific cod,32,,
7/4/2026,676,Jap-1,Japanese ,Pacific cod,32,,
6/30/2026,663,Kil-4,Kiliuda,Pacific cod,32,,
6/30/2026,665,Kil-5,Kiliuda,Pacific cod,32,,
6/16/2026,656,Laminaria South,Cook,Pacific cod,32,,
6/16/2026,656,Laminaria South,Cook,Pacific cod,32,,
6/16/2026,656,Laminaria South,Cook,Pacific cod,32,,
6/16/2026,656,Laminaria South,Cook,Pacific cod,32,,
6/16/2026,656,Laminaria South,Cook,Pacific cod,32,,
6/16/2026,656,Laminaria South,Cook,Pacific cod,32,,
6/16/2026,659,Laminaria East,Cook,Pacific cod,32,,
6/16/2026,659,Laminaria East,Cook,Pacific cod,32,,
6/16/2026,659,Laminaria East,Cook,Pacific cod,32,,
6/16/2026,659,Laminaria East,Cook,Pacific cod,32,,
6/16/2026,659,Laminaria East,Cook,Pacific cod,32,,
7/14/2026,695,Sand-2,Sand Point,Pacific cod,32,,
7/14/2026,694,Sand-3,Sand Point,Pacific cod,32,,
7/14/2026,694,Sand-3,Sand Point,Pacific cod,32,,
7/12/2026,689,Bar-3,Baralof,Pacific cod,33,,
7/12/2026,689,Bar-3,Baralof,Pacific cod,33,,
7/12/2026,688,Bar-4,Baralof,Pacific cod,33,,
7/12/2026,688,Bar-4,Baralof,Pacific cod,33,,
7/9/2026,678,BB-3,Balboa,Pacific cod,33,,
6/16/2026,657,Eelgrass South,Cook,Pacific cod,33,,
6/16/2026,657,Eelgrass South,Cook,Pacific cod,33,,
7/11/2026,684,Fal-4,Falmouth,Pacific cod,33,,
7/16/2026,700,Fox-2,Fox,Pacific cod,33,,
7/16/2026,700,Fox-2,Fox,Pacific cod,33,,
7/4/2026,673,Jap-2,Japanese ,Pacific cod,33,,
6/30/2026,665,Kil-5,Kiliuda,Pacific cod,33,,
6/30/2026,665,Kil-5,Kiliuda,Pacific cod,33,,
6/16/2026,656,Laminaria South,Cook,Pacific cod,33,,
6/16/2026,656,Laminaria South,Cook,Pacific cod,33,,
6/16/2026,659,Laminaria East,Cook,Pacific cod,33,,
6/16/2026,659,Laminaria East,Cook,Pacific cod,33,,
7/14/2026,694,Sand-3,Sand Point,Pacific cod,33,,
7/12/2026,688,Bar-4,Baralof,Pacific cod,34,,
7/9/2026,679,BB-2,Balboa,Pacific cod,34,,
7/9/2026,678,BB-3,Balboa,Pacific cod,34,,
7/9/2026,680,BB-4,Balboa,Pacific cod,34,,
7/9/2026,680,BB-4,Balboa,Pacific cod,34,,
7/9/2026,681,BB-7,Balboa,Pacific cod,34,,
6/16/2026,657,Eelgrass South,Cook,Pacific cod,34,,
6/16/2026,658,Eelgrass West,Cook,Pacific cod,34,,
6/16/2026,658,Eelgrass West,Cook,Pacific cod,34,,
6/16/2026,658,Eelgrass West,Cook,Pacific cod,34,,
7/11/2026,683,Fal-1,Falmouth,Pacific cod,34,,
7/11/2026,683,Fal-1,Falmouth,Pacific cod,34,,
7/11/2026,683,Fal-1,Falmouth,Pacific cod,34,,
7/11/2026,685,Fal-3,Falmouth,Pacific cod,34,,
7/11/2026,685,Fal-3,Falmouth,Pacific cod,34,,
7/11/2026,684,Fal-4,Falmouth,Pacific cod,34,,
7/11/2026,682,Fal-5,Falmouth,Pacific cod,34,,
7/16/2026,700,Fox-2,Fox,Pacific cod,34,,
7/16/2026,700,Fox-2,Fox,Pacific cod,34,,
7/16/2026,700,Fox-2,Fox,Pacific cod,34,,
7/16/2026,700,Fox-2,Fox,Pacific cod,34,,
7/4/2026,676,Jap-1,Japanese ,Pacific cod,34,,
7/4/2026,675,Jap-6,Japanese ,Pacific cod,34,,
7/2/2026,666,Kai-3,Kaiugnak,Pacific cod,34,,
7/2/2026,667,Kai-6,Kaiugnak,Pacific cod,34,,
6/30/2026,663,Kil-4,Kiliuda,Pacific cod,34,,
6/30/2026,663,Kil-4,Kiliuda,Pacific cod,34,,
6/30/2026,663,Kil-4,Kiliuda,Pacific cod,34,,
6/30/2026,665,Kil-5,Kiliuda,Pacific cod,34,,
6/30/2026,665,Kil-5,Kiliuda,Pacific cod,34,,
6/16/2026,656,Laminaria South,Cook,Pacific cod,34,,
6/16/2026,656,Laminaria South,Cook,Pacific cod,34,,
6/16/2026,659,Laminaria East,Cook,Pacific cod,34,,
6/16/2026,659,Laminaria East,Cook,Pacific cod,34,,
7/14/2026,694,Sand-3,Sand Point,Pacific cod,34,,
7/14/2026,694,Sand-3,Sand Point,Pacific cod,34,,
7/14/2026,694,Sand-3,Sand Point,Pacific cod,34,,
7/14/2026,694,Sand-3,Sand Point,Pacific cod,34,,
7/22/2026,711,AG-2,Agripina,Pacific cod,35,,
7/9/2026,679,BB-2,Balboa,Pacific cod,35,,
7/9/2026,678,BB-3,Balboa,Pacific cod,35,,
7/9/2026,678,BB-3,Balboa,Pacific cod,35,,
7/9/2026,678,BB-3,Balboa,Pacific cod,35,,
7/9/2026,680,BB-4,Balboa,Pacific cod,35,,
7/9/2026,680,BB-4,Balboa,Pacific cod,35,,
7/9/2026,681,BB-7,Balboa,Pacific cod,35,,
7/9/2026,681,BB-7,Balboa,Pacific cod,35,,
7/9/2026,681,BB-7,Balboa,Pacific cod,35,,
7/9/2026,681,BB-7,Balboa,Pacific cod,35,,
7/9/2026,681,BB-7,Balboa,Pacific cod,35,,
6/16/2026,657,Eelgrass South,Cook,Pacific cod,35,,
6/16/2026,657,Eelgrass South,Cook,Pacific cod,35,,
6/16/2026,657,Eelgrass South,Cook,Pacific cod,35,,
7/11/2026,683,Fal-1,Falmouth,Pacific cod,35,,
7/11/2026,685,Fal-3,Falmouth,Pacific cod,35,,
7/11/2026,684,Fal-4,Falmouth,Pacific cod,35,,
7/11/2026,684,Fal-4,Falmouth,Pacific cod,35,,
7/11/2026,684,Fal-4,Falmouth,Pacific cod,35,,
7/11/2026,684,Fal-4,Falmouth,Pacific cod,35,,
7/11/2026,684,Fal-4,Falmouth,Pacific cod,35,,
7/11/2026,684,Fal-4,Falmouth,Pacific cod,35,,
7/11/2026,684,Fal-4,Falmouth,Pacific cod,35,,
7/11/2026,682,Fal-5,Falmouth,Pacific cod,35,,
7/11/2026,682,Fal-5,Falmouth,Pacific cod,35,,
7/11/2026,682,Fal-5,Falmouth,Pacific cod,35,,
7/16/2026,699,Fox-1,Fox,Pacific cod,35,,
7/16/2026,700,Fox-2,Fox,Pacific cod,35,,
7/16/2026,700,Fox-2,Fox,Pacific cod,35,,
7/16/2026,700,Fox-2,Fox,Pacific cod,35,,
7/16/2026,700,Fox-2,Fox,Pacific cod,35,,
7/16/2026,697,Fox-5,Fox,Pacific cod,35,,
7/2/2026,670,Kai-1,Kaiugnak,Pacific cod,35,,
7/2/2026,670,Kai-1,Kaiugnak,Pacific cod,35,,
7/2/2026,666,Kai-3,Kaiugnak,Pacific cod,35,,
7/2/2026,666,Kai-3,Kaiugnak,Pacific cod,35,,
7/2/2026,668,Kai-7,Kaiugnak,Pacific cod,35,,
6/30/2026,663,Kil-4,Kiliuda,Pacific cod,35,,
6/30/2026,663,Kil-4,Kiliuda,Pacific cod,35,,
6/30/2026,665,Kil-5,Kiliuda,Pacific cod,35,,
6/30/2026,665,Kil-5,Kiliuda,Pacific cod,35,,
6/30/2026,664,Kil-6,Kiliuda,Pacific cod,35,,
6/16/2026,656,Laminaria South,Cook,Pacific cod,35,,
6/16/2026,659,Laminaria East,Cook,Pacific cod,35,,
6/16/2026,659,Laminaria East,Cook,Pacific cod,35,,
7/18/2026,705,Mit-6,Mitrofania,Pacific cod,35,,
7/14/2026,695,Sand-2,Sand Point,Pacific cod,35,,
7/14/2026,694,Sand-3,Sand Point,Pacific cod,35,,
7/14/2026,694,Sand-3,Sand Point,Pacific cod,35,,
7/12/2026,689,Bar-3,Baralof,Pacific cod,36,,
7/12/2026,689,Bar-3,Baralof,Pacific cod,36,,
7/9/2026,679,BB-2,Balboa,Pacific cod,36,,
7/9/2026,678,BB-3,Balboa,Pacific cod,36,,
7/9/2026,678,BB-3,Balboa,Pacific cod,36,,
7/9/2026,680,BB-4,Balboa,Pacific cod,36,,
7/9/2026,681,BB-7,Balboa,Pacific cod,36,,
7/11/2026,684,Fal-4,Falmouth,Pacific cod,36,,
7/11/2026,684,Fal-4,Falmouth,Pacific cod,36,,
7/11/2026,684,Fal-4,Falmouth,Pacific cod,36,,
7/11/2026,684,Fal-4,Falmouth,Pacific cod,36,,
7/11/2026,682,Fal-5,Falmouth,Pacific cod,36,,
7/11/2026,682,Fal-5,Falmouth,Pacific cod,36,,
7/16/2026,700,Fox-2,Fox,Pacific cod,36,,
7/16/2026,698,Fox-3,Fox,Pacific cod,36,,
7/16/2026,698,Fox-3,Fox,Pacific cod,36,,
7/16/2026,696,Fox-4,Fox,Pacific cod,36,,
7/4/2026,676,Jap-1,Japanese ,Pacific cod,36,,
7/4/2026,674,Jap-3,Japanese ,Pacific cod,36,,
7/4/2026,675,Jap-6,Japanese ,Pacific cod,36,,
7/4/2026,675,Jap-6,Japanese ,Pacific cod,36,,
7/2/2026,666,Kai-3,Kaiugnak,Pacific cod,36,,
7/2/2026,668,Kai-7,Kaiugnak,Pacific cod,36,,
6/30/2026,660,Kil-1,Kiliuda,Pacific cod,36,,
6/30/2026,663,Kil-4,Kiliuda,Pacific cod,36,,
6/30/2026,663,Kil-4,Kiliuda,Pacific cod,36,,
6/30/2026,665,Kil-5,Kiliuda,Pacific cod,36,,
6/16/2026,656,Laminaria South,Cook,Pacific cod,36,,
7/14/2026,694,Sand-3,Sand Point,Pacific cod,36,,
7/14/2026,694,Sand-3,Sand Point,Pacific cod,36,,
7/12/2026,689,Bar-3,Baralof,Pacific cod,37,,
7/9/2026,679,BB-2,Balboa,Pacific cod,37,,
7/9/2026,678,BB-3,Balboa,Pacific cod,37,,
7/9/2026,680,BB-4,Balboa,Pacific cod,37,,
7/9/2026,680,BB-4,Balboa,Pacific cod,37,,
7/9/2026,681,BB-7,Balboa,Pacific cod,37,,
7/9/2026,681,BB-7,Balboa,Pacific cod,37,,
7/9/2026,681,BB-7,Balboa,Pacific cod,37,,
6/16/2026,657,Eelgrass South,Cook,Pacific cod,37,,
6/16/2026,657,Eelgrass South,Cook,Pacific cod,37,,
6/16/2026,658,Eelgrass West,Cook,Pacific cod,37,,
7/11/2026,683,Fal-1,Falmouth,Pacific cod,37,,
7/11/2026,683,Fal-1,Falmouth,Pacific cod,37,,
7/11/2026,683,Fal-1,Falmouth,Pacific cod,37,,
7/11/2026,684,Fal-4,Falmouth,Pacific cod,37,,
7/11/2026,684,Fal-4,Falmouth,Pacific cod,37,,
7/11/2026,684,Fal-4,Falmouth,Pacific cod,37,,
7/11/2026,684,Fal-4,Falmouth,Pacific cod,37,,
7/11/2026,682,Fal-5,Falmouth,Pacific cod,37,,
7/11/2026,682,Fal-5,Falmouth,Pacific cod,37,,
7/16/2026,700,Fox-2,Fox,Pacific cod,37,,
7/16/2026,700,Fox-2,Fox,Pacific cod,37,,
7/2/2026,669,Kai-4,Kaiugnak,Pacific cod,37,,
6/30/2026,662,Kil-3,Kiliuda,Pacific cod,37,,
6/30/2026,665,Kil-5,Kiliuda,Pacific cod,37,,
6/30/2026,665,Kil-5,Kiliuda,Pacific cod,37,,
6/16/2026,659,Laminaria East,Cook,Pacific cod,37,,
6/16/2026,659,Laminaria East,Cook,Pacific cod,37,,
7/14/2026,695,Sand-2,Sand Point,Pacific cod,37,,
7/14/2026,695,Sand-2,Sand Point,Pacific cod,37,,
7/14/2026,694,Sand-3,Sand Point,Pacific cod,37,,
7/14/2026,694,Sand-3,Sand Point,Pacific cod,37,,
7/12/2026,689,Bar-3,Baralof,Pacific cod,38,,
7/12/2026,689,Bar-3,Baralof,Pacific cod,38,,
7/12/2026,688,Bar-4,Baralof,Pacific cod,38,,
7/9/2026,679,BB-2,Balboa,Pacific cod,38,,
7/9/2026,679,BB-2,Balboa,Pacific cod,38,,
7/9/2026,679,BB-2,Balboa,Pacific cod,38,,
7/9/2026,678,BB-3,Balboa,Pacific cod,38,,
7/9/2026,678,BB-3,Balboa,Pacific cod,38,,
7/9/2026,680,BB-4,Balboa,Pacific cod,38,,
7/9/2026,681,BB-7,Balboa,Pacific cod,38,,
7/9/2026,681,BB-7,Balboa,Pacific cod,38,,
7/11/2026,683,Fal-1,Falmouth,Pacific cod,38,,
7/11/2026,683,Fal-1,Falmouth,Pacific cod,38,,
7/11/2026,685,Fal-3,Falmouth,Pacific cod,38,,
7/11/2026,685,Fal-3,Falmouth,Pacific cod,38,,
7/11/2026,685,Fal-3,Falmouth,Pacific cod,38,,
7/11/2026,685,Fal-3,Falmouth,Pacific cod,38,,
7/11/2026,684,Fal-4,Falmouth,Pacific cod,38,,
7/11/2026,684,Fal-4,Falmouth,Pacific cod,38,,
7/11/2026,684,Fal-4,Falmouth,Pacific cod,38,,
7/11/2026,684,Fal-4,Falmouth,Pacific cod,38,,
7/11/2026,682,Fal-5,Falmouth,Pacific cod,38,,
7/11/2026,682,Fal-5,Falmouth,Pacific cod,38,,
7/16/2026,699,Fox-1,Fox,Pacific cod,38,,
7/16/2026,700,Fox-2,Fox,Pacific cod,38,,
7/16/2026,700,Fox-2,Fox,Pacific cod,38,,
7/16/2026,697,Fox-5,Fox,Pacific cod,38,,
7/4/2026,676,Jap-1,Japanese ,Pacific cod,38,,
7/4/2026,674,Jap-3,Japanese ,Pacific cod,38,,
7/4/2026,675,Jap-6,Japanese ,Pacific cod,38,,
7/2/2026,670,Kai-1,Kaiugnak,Pacific cod,38,,
7/2/2026,666,Kai-3,Kaiugnak,Pacific cod,38,,
7/2/2026,667,Kai-6,Kaiugnak,Pacific cod,38,,
6/30/2026,660,Kil-1,Kiliuda,Pacific cod,38,,
6/30/2026,662,Kil-3,Kiliuda,Pacific cod,38,,
6/30/2026,663,Kil-4,Kiliuda,Pacific cod,38,,
6/16/2026,659,Laminaria East,Cook,Pacific cod,38,,
7/14/2026,695,Sand-2,Sand Point,Pacific cod,38,,
7/14/2026,695,Sand-2,Sand Point,Pacific cod,38,,
7/14/2026,695,Sand-2,Sand Point,Pacific cod,38,,
7/14/2026,694,Sand-3,Sand Point,Pacific cod,38,,
7/14/2026,694,Sand-3,Sand Point,Pacific cod,38,,
7/22/2026,711,AG-2,Agripina,Pacific cod,39,,
7/12/2026,689,Bar-3,Baralof,Pacific cod,39,,
7/12/2026,689,Bar-3,Baralof,Pacific cod,39,,
7/12/2026,689,Bar-3,Baralof,Pacific cod,39,,
7/9/2026,679,BB-2,Balboa,Pacific cod,39,,
7/9/2026,679,BB-2,Balboa,Pacific cod,39,,
6/16/2026,657,Eelgrass South,Cook,Pacific cod,39,,
6/16/2026,658,Eelgrass West,Cook,Pacific cod,39,,
7/11/2026,683,Fal-1,Falmouth,Pacific cod,39,,
7/11/2026,685,Fal-3,Falmouth,Pacific cod,39,,
7/11/2026,685,Fal-3,Falmouth,Pacific cod,39,,
7/11/2026,685,Fal-3,Falmouth,Pacific cod,39,,
7/11/2026,684,Fal-4,Falmouth,Pacific cod,39,,
7/11/2026,684,Fal-4,Falmouth,Pacific cod,39,,
7/11/2026,684,Fal-4,Falmouth,Pacific cod,39,,
7/16/2026,699,Fox-1,Fox,Pacific cod,39,,
7/16/2026,696,Fox-4,Fox,Pacific cod,39,,
7/4/2026,674,Jap-3,Japanese ,Pacific cod,39,,
7/4/2026,674,Jap-3,Japanese ,Pacific cod,39,,
7/4/2026,677,Jap-5,Japanese ,Pacific cod,39,,
7/4/2026,677,Jap-5,Japanese ,Pacific cod,39,,
7/4/2026,677,Jap-5,Japanese ,Pacific cod,39,,
7/4/2026,677,Jap-5,Japanese ,Pacific cod,39,,
7/4/2026,675,Jap-6,Japanese ,Pacific cod,39,,
7/4/2026,675,Jap-6,Japanese ,Pacific cod,39,,
7/4/2026,672,Jap-7,Japanese ,Pacific cod,39,,
6/30/2026,662,Kil-3,Kiliuda,Pacific cod,39,,
7/14/2026,695,Sand-2,Sand Point,Pacific cod,39,,
7/14/2026,695,Sand-2,Sand Point,Pacific cod,39,,
7/22/2026,712,AG-5,Agripina,Pacific cod,40,,
7/12/2026,691,Bar-1,Baralof,Pacific cod,40,,
7/12/2026,689,Bar-3,Baralof,Pacific cod,40,,
7/12/2026,689,Bar-3,Baralof,Pacific cod,40,,
7/12/2026,688,Bar-4,Baralof,Pacific cod,40,,
7/9/2026,678,BB-3,Balboa,Pacific cod,40,,
7/9/2026,678,BB-3,Balboa,Pacific cod,40,,
7/9/2026,680,BB-4,Balboa,Pacific cod,40,,
7/9/2026,680,BB-4,Balboa,Pacific cod,40,,
7/9/2026,681,BB-7,Balboa,Pacific cod,40,,
7/9/2026,681,BB-7,Balboa,Pacific cod,40,,
7/9/2026,681,BB-7,Balboa,Pacific cod,40,,
7/9/2026,681,BB-7,Balboa,Pacific cod,40,,
7/9/2026,681,BB-7,Balboa,Pacific cod,40,,
7/11/2026,683,Fal-1,Falmouth,Pacific cod,40,,
7/11/2026,683,Fal-1,Falmouth,Pacific cod,40,,
7/11/2026,685,Fal-3,Falmouth,Pacific cod,40,,
7/11/2026,685,Fal-3,Falmouth,Pacific cod,40,,
7/11/2026,684,Fal-4,Falmouth,Pacific cod,40,,
7/11/2026,684,Fal-4,Falmouth,Pacific cod,40,,
7/11/2026,684,Fal-4,Falmouth,Pacific cod,40,,
7/11/2026,684,Fal-4,Falmouth,Pacific cod,40,,
7/11/2026,684,Fal-4,Falmouth,Pacific cod,40,,
7/11/2026,684,Fal-4,Falmouth,Pacific cod,40,,
7/11/2026,682,Fal-5,Falmouth,Pacific cod,40,,
7/11/2026,682,Fal-5,Falmouth,Pacific cod,40,,
7/16/2026,699,Fox-1,Fox,Pacific cod,40,,
7/16/2026,700,Fox-2,Fox,Pacific cod,40,,
7/16/2026,700,Fox-2,Fox,Pacific cod,40,,
7/16/2026,698,Fox-3,Fox,Pacific cod,40,,
7/16/2026,698,Fox-3,Fox,Pacific cod,40,,
7/16/2026,698,Fox-3,Fox,Pacific cod,40,,
7/16/2026,696,Fox-4,Fox,Pacific cod,40,,
7/16/2026,696,Fox-4,Fox,Pacific cod,40,,
7/16/2026,697,Fox-5,Fox,Pacific cod,40,,
7/16/2026,697,Fox-5,Fox,Pacific cod,40,,
7/16/2026,697,Fox-5,Fox,Pacific cod,40,,
7/16/2026,697,Fox-5,Fox,Pacific cod,40,,
7/16/2026,697,Fox-5,Fox,Pacific cod,40,,
7/4/2026,676,Jap-1,Japanese ,Pacific cod,40,,
7/4/2026,676,Jap-1,Japanese ,Pacific cod,40,,
7/4/2026,674,Jap-3,Japanese ,Pacific cod,40,,
7/4/2026,677,Jap-5,Japanese ,Pacific cod,40,,
7/4/2026,675,Jap-6,Japanese ,Pacific cod,40,,
7/4/2026,675,Jap-6,Japanese ,Pacific cod,40,,
7/4/2026,672,Jap-7,Japanese ,Pacific cod,40,,
7/2/2026,670,Kai-1,Kaiugnak,Pacific cod,40,,
7/2/2026,666,Kai-3,Kaiugnak,Pacific cod,40,,
7/2/2026,669,Kai-4,Kaiugnak,Pacific cod,40,,
7/2/2026,669,Kai-4,Kaiugnak,Pacific cod,40,,
7/2/2026,667,Kai-6,Kaiugnak,Pacific cod,40,,
7/2/2026,668,Kai-7,Kaiugnak,Pacific cod,40,,
7/2/2026,668,Kai-7,Kaiugnak,Pacific cod,40,,
7/2/2026,668,Kai-7,Kaiugnak,Pacific cod,40,,
6/30/2026,661,Kil-2,Kiliuda,Pacific cod,40,,
6/30/2026,661,Kil-2,Kiliuda,Pacific cod,40,,
6/30/2026,661,Kil-2,Kiliuda,Pacific cod,40,,
6/30/2026,662,Kil-3,Kiliuda,Pacific cod,40,,
6/30/2026,662,Kil-3,Kiliuda,Pacific cod,40,,
6/30/2026,662,Kil-3,Kiliuda,Pacific cod,40,,
6/30/2026,663,Kil-4,Kiliuda,Pacific cod,40,,
6/30/2026,665,Kil-5,Kiliuda,Pacific cod,40,,
7/14/2026,695,Sand-2,Sand Point,Pacific cod,40,,
7/14/2026,695,Sand-2,Sand Point,Pacific cod,40,,
7/14/2026,695,Sand-2,Sand Point,Pacific cod,40,,
7/14/2026,695,Sand-2,Sand Point,Pacific cod,40,,
7/14/2026,695,Sand-2,Sand Point,Pacific cod,40,,
7/22/2026,710,AG-1,Agripina,Pacific cod,41,,
7/22/2026,711,AG-2,Agripina,Pacific cod,41,,
7/22/2026,713,AG-3,Agripina,Pacific cod,41,,
7/12/2026,689,Bar-3,Baralof,Pacific cod,41,,
7/12/2026,688,Bar-4,Baralof,Pacific cod,41,,
7/12/2026,688,Bar-4,Baralof,Pacific cod,41,,
7/12/2026,688,Bar-4,Baralof,Pacific cod,41,,
7/12/2026,687,Bar-5,Baralof,Pacific cod,41,,
7/9/2026,679,BB-2,Balboa,Pacific cod,41,,
7/9/2026,679,BB-2,Balboa,Pacific cod,41,,
7/9/2026,679,BB-2,Balboa,Pacific cod,41,,
7/9/2026,679,BB-2,Balboa,Pacific cod,41,,
7/9/2026,678,BB-3,Balboa,Pacific cod,41,,
7/9/2026,678,BB-3,Balboa,Pacific cod,41,,
7/9/2026,678,BB-3,Balboa,Pacific cod,41,,
7/9/2026,680,BB-4,Balboa,Pacific cod,41,,
7/9/2026,680,BB-4,Balboa,Pacific cod,41,,
7/9/2026,681,BB-7,Balboa,Pacific cod,41,,
7/9/2026,681,BB-7,Balboa,Pacific cod,41,,
7/9/2026,681,BB-7,Balboa,Pacific cod,41,,
7/11/2026,685,Fal-3,Falmouth,Pacific cod,41,,
7/11/2026,684,Fal-4,Falmouth,Pacific cod,41,,
7/11/2026,684,Fal-4,Falmouth,Pacific cod,41,,
7/16/2026,699,Fox-1,Fox,Pacific cod,41,,
7/16/2026,700,Fox-2,Fox,Pacific cod,41,,
7/16/2026,698,Fox-3,Fox,Pacific cod,41,,
7/16/2026,696,Fox-4,Fox,Pacific cod,41,,
7/16/2026,697,Fox-5,Fox,Pacific cod,41,,
7/4/2026,673,Jap-2,Japanese ,Pacific cod,41,,
7/4/2026,674,Jap-3,Japanese ,Pacific cod,41,,
7/4/2026,674,Jap-3,Japanese ,Pacific cod,41,,
7/4/2026,677,Jap-5,Japanese ,Pacific cod,41,,
7/2/2026,670,Kai-1,Kaiugnak,Pacific cod,41,,
7/2/2026,666,Kai-3,Kaiugnak,Pacific cod,41,,
7/2/2026,667,Kai-6,Kaiugnak,Pacific cod,41,,
6/30/2026,660,Kil-1,Kiliuda,Pacific cod,41,,
6/30/2026,661,Kil-2,Kiliuda,Pacific cod,41,,
6/30/2026,662,Kil-3,Kiliuda,Pacific cod,41,,
7/18/2026,703,Mit-2,Mitrofania,Pacific cod,41,,
7/18/2026,705,Mit-6,Mitrofania,Pacific cod,41,,
7/14/2026,695,Sand-2,Sand Point,Pacific cod,41,,
7/14/2026,695,Sand-2,Sand Point,Pacific cod,41,,
7/14/2026,695,Sand-2,Sand Point,Pacific cod,41,,
7/14/2026,695,Sand-2,Sand Point,Pacific cod,41,,
7/14/2026,695,Sand-2,Sand Point,Pacific cod,41,,
7/14/2026,695,Sand-2,Sand Point,Pacific cod,41,,
7/22/2026,710,AG-1,Agripina,Pacific cod,42,,
7/22/2026,713,AG-3,Agripina,Pacific cod,42,,
7/12/2026,689,Bar-3,Baralof,Pacific cod,42,,
7/9/2026,679,BB-2,Balboa,Pacific cod,42,,
7/9/2026,678,BB-3,Balboa,Pacific cod,42,,
7/9/2026,678,BB-3,Balboa,Pacific cod,42,,
7/9/2026,680,BB-4,Balboa,Pacific cod,42,,
7/9/2026,680,BB-4,Balboa,Pacific cod,42,,
7/11/2026,684,Fal-4,Falmouth,Pacific cod,42,,
7/11/2026,682,Fal-5,Falmouth,Pacific cod,42,,
7/11/2026,682,Fal-5,Falmouth,Pacific cod,42,,
7/11/2026,682,Fal-5,Falmouth,Pacific cod,42,,
7/16/2026,698,Fox-3,Fox,Pacific cod,42,,
7/4/2026,676,Jap-1,Japanese ,Pacific cod,42,,
7/4/2026,677,Jap-5,Japanese ,Pacific cod,42,,
7/4/2026,677,Jap-5,Japanese ,Pacific cod,42,,
7/4/2026,675,Jap-6,Japanese ,Pacific cod,42,,
7/2/2026,670,Kai-1,Kaiugnak,Pacific cod,42,,
7/2/2026,670,Kai-1,Kaiugnak,Pacific cod,42,,
7/2/2026,666,Kai-3,Kaiugnak,Pacific cod,42,,
7/2/2026,669,Kai-4,Kaiugnak,Pacific cod,42,,
7/2/2026,669,Kai-4,Kaiugnak,Pacific cod,42,,
7/2/2026,669,Kai-4,Kaiugnak,Pacific cod,42,,
7/2/2026,669,Kai-4,Kaiugnak,Pacific cod,42,,
7/2/2026,669,Kai-4,Kaiugnak,Pacific cod,42,,
7/2/2026,667,Kai-6,Kaiugnak,Pacific cod,42,,
7/2/2026,667,Kai-6,Kaiugnak,Pacific cod,42,,
7/2/2026,668,Kai-7,Kaiugnak,Pacific cod,42,,
7/2/2026,668,Kai-7,Kaiugnak,Pacific cod,42,,
6/30/2026,661,Kil-2,Kiliuda,Pacific cod,42,,
6/30/2026,661,Kil-2,Kiliuda,Pacific cod,42,,
6/30/2026,662,Kil-3,Kiliuda,Pacific cod,42,,
6/30/2026,662,Kil-3,Kiliuda,Pacific cod,42,,
6/30/2026,662,Kil-3,Kiliuda,Pacific cod,42,,
6/30/2026,662,Kil-3,Kiliuda,Pacific cod,42,,
6/30/2026,663,Kil-4,Kiliuda,Pacific cod,42,,
6/30/2026,663,Kil-4,Kiliuda,Pacific cod,42,,
6/30/2026,664,Kil-6,Kiliuda,Pacific cod,42,,
7/14/2026,695,Sand-2,Sand Point,Pacific cod,42,,
7/14/2026,695,Sand-2,Sand Point,Pacific cod,42,,
7/14/2026,694,Sand-3,Sand Point,Pacific cod,42,,
7/22/2026,711,AG-2,Agripina,Pacific cod,43,,
7/12/2026,689,Bar-3,Baralof,Pacific cod,43,,
7/12/2026,689,Bar-3,Baralof,Pacific cod,43,,
7/12/2026,687,Bar-5,Baralof,Pacific cod,43,,
7/9/2026,678,BB-3,Balboa,Pacific cod,43,,
7/9/2026,681,BB-7,Balboa,Pacific cod,43,,
7/11/2026,683,Fal-1,Falmouth,Pacific cod,43,,
7/11/2026,685,Fal-3,Falmouth,Pacific cod,43,,
7/11/2026,685,Fal-3,Falmouth,Pacific cod,43,,
7/11/2026,685,Fal-3,Falmouth,Pacific cod,43,,
7/11/2026,684,Fal-4,Falmouth,Pacific cod,43,,
7/11/2026,684,Fal-4,Falmouth,Pacific cod,43,,
7/16/2026,698,Fox-3,Fox,Pacific cod,43,,
7/16/2026,696,Fox-4,Fox,Pacific cod,43,,
7/16/2026,697,Fox-5,Fox,Pacific cod,43,,
7/16/2026,697,Fox-5,Fox,Pacific cod,43,,
7/4/2026,673,Jap-2,Japanese ,Pacific cod,43,,
7/4/2026,677,Jap-5,Japanese ,Pacific cod,43,,
7/4/2026,672,Jap-7,Japanese ,Pacific cod,43,,
7/2/2026,670,Kai-1,Kaiugnak,Pacific cod,43,,
7/2/2026,669,Kai-4,Kaiugnak,Pacific cod,43,,
7/2/2026,669,Kai-4,Kaiugnak,Pacific cod,43,,
7/2/2026,668,Kai-7,Kaiugnak,Pacific cod,43,,
6/30/2026,661,Kil-2,Kiliuda,Pacific cod,43,,
6/30/2026,661,Kil-2,Kiliuda,Pacific cod,43,,
6/30/2026,661,Kil-2,Kiliuda,Pacific cod,43,,
7/14/2026,695,Sand-2,Sand Point,Pacific cod,43,,
7/14/2026,695,Sand-2,Sand Point,Pacific cod,43,,
7/14/2026,695,Sand-2,Sand Point,Pacific cod,43,,
7/14/2026,694,Sand-3,Sand Point,Pacific cod,43,,
7/22/2026,711,AG-2,Agripina,Pacific cod,44,,
7/12/2026,688,Bar-4,Baralof,Pacific cod,44,,
7/12/2026,687,Bar-5,Baralof,Pacific cod,44,,
7/12/2026,687,Bar-5,Baralof,Pacific cod,44,,
7/9/2026,678,BB-3,Balboa,Pacific cod,44,,
7/9/2026,681,BB-7,Balboa,Pacific cod,44,,
7/9/2026,681,BB-7,Balboa,Pacific cod,44,,
7/9/2026,681,BB-7,Balboa,Pacific cod,44,,
7/11/2026,683,Fal-1,Falmouth,Pacific cod,44,,
7/11/2026,684,Fal-4,Falmouth,Pacific cod,44,,
7/11/2026,682,Fal-5,Falmouth,Pacific cod,44,,
7/11/2026,682,Fal-5,Falmouth,Pacific cod,44,,
7/4/2026,673,Jap-2,Japanese ,Pacific cod,44,,
7/4/2026,673,Jap-2,Japanese ,Pacific cod,44,,
7/4/2026,674,Jap-3,Japanese ,Pacific cod,44,,
7/4/2026,674,Jap-3,Japanese ,Pacific cod,44,,
7/4/2026,674,Jap-3,Japanese ,Pacific cod,44,,
7/4/2026,675,Jap-6,Japanese ,Pacific cod,44,,
7/4/2026,675,Jap-6,Japanese ,Pacific cod,44,,
7/4/2026,672,Jap-7,Japanese ,Pacific cod,44,,
7/2/2026,670,Kai-1,Kaiugnak,Pacific cod,44,,
7/2/2026,670,Kai-1,Kaiugnak,Pacific cod,44,,
7/2/2026,666,Kai-3,Kaiugnak,Pacific cod,44,,
7/2/2026,666,Kai-3,Kaiugnak,Pacific cod,44,,
7/2/2026,666,Kai-3,Kaiugnak,Pacific cod,44,,
7/2/2026,667,Kai-6,Kaiugnak,Pacific cod,44,,
7/2/2026,667,Kai-6,Kaiugnak,Pacific cod,44,,
6/30/2026,660,Kil-1,Kiliuda,Pacific cod,44,,
6/30/2026,660,Kil-1,Kiliuda,Pacific cod,44,,
6/30/2026,660,Kil-1,Kiliuda,Pacific cod,44,,
6/30/2026,660,Kil-1,Kiliuda,Pacific cod,44,,
6/30/2026,660,Kil-1,Kiliuda,Pacific cod,44,,
6/30/2026,661,Kil-2,Kiliuda,Pacific cod,44,,
6/30/2026,661,Kil-2,Kiliuda,Pacific cod,44,,
6/30/2026,661,Kil-2,Kiliuda,Pacific cod,44,,
6/30/2026,662,Kil-3,Kiliuda,Pacific cod,44,,
6/30/2026,662,Kil-3,Kiliuda,Pacific cod,44,,
6/30/2026,665,Kil-5,Kiliuda,Pacific cod,44,,
6/30/2026,665,Kil-5,Kiliuda,Pacific cod,44,,
6/30/2026,664,Kil-6,Kiliuda,Pacific cod,44,,
7/18/2026,705,Mit-6,Mitrofania,Pacific cod,44,,
7/21/2026,709,PW-4,Port Wrangell,Pacific cod,44,,
7/14/2026,695,Sand-2,Sand Point,Pacific cod,44,,
7/14/2026,695,Sand-2,Sand Point,Pacific cod,44,,
7/22/2026,710,AG-1,Agripina,Pacific cod,45,,
7/22/2026,710,AG-1,Agripina,Pacific cod,45,,
7/22/2026,713,AG-3,Agripina,Pacific cod,45,,
7/22/2026,713,AG-3,Agripina,Pacific cod,45,,
7/12/2026,687,Bar-5,Baralof,Pacific cod,45,,
7/12/2026,687,Bar-5,Baralof,Pacific cod,45,,
7/12/2026,687,Bar-5,Baralof,Pacific cod,45,,
7/9/2026,679,BB-2,Balboa,Pacific cod,45,,
7/9/2026,678,BB-3,Balboa,Pacific cod,45,,
7/9/2026,680,BB-4,Balboa,Pacific cod,45,,
7/9/2026,681,BB-7,Balboa,Pacific cod,45,,
7/9/2026,681,BB-7,Balboa,Pacific cod,45,,
7/11/2026,683,Fal-1,Falmouth,Pacific cod,45,,
7/11/2026,685,Fal-3,Falmouth,Pacific cod,45,,
7/11/2026,685,Fal-3,Falmouth,Pacific cod,45,,
7/11/2026,682,Fal-5,Falmouth,Pacific cod,45,,
7/16/2026,699,Fox-1,Fox,Pacific cod,45,,
7/16/2026,699,Fox-1,Fox,Pacific cod,45,,
7/16/2026,699,Fox-1,Fox,Pacific cod,45,,
7/16/2026,698,Fox-3,Fox,Pacific cod,45,,
7/16/2026,696,Fox-4,Fox,Pacific cod,45,,
7/16/2026,696,Fox-4,Fox,Pacific cod,45,,
7/16/2026,696,Fox-4,Fox,Pacific cod,45,,
7/16/2026,696,Fox-4,Fox,Pacific cod,45,,
7/16/2026,697,Fox-5,Fox,Pacific cod,45,,
7/16/2026,697,Fox-5,Fox,Pacific cod,45,,
7/16/2026,697,Fox-5,Fox,Pacific cod,45,,
7/16/2026,697,Fox-5,Fox,Pacific cod,45,,
7/4/2026,676,Jap-1,Japanese ,Pacific cod,45,,
7/4/2026,676,Jap-1,Japanese ,Pacific cod,45,,
7/4/2026,673,Jap-2,Japanese ,Pacific cod,45,,
7/4/2026,674,Jap-3,Japanese ,Pacific cod,45,,
7/4/2026,674,Jap-3,Japanese ,Pacific cod,45,,
7/4/2026,677,Jap-5,Japanese ,Pacific cod,45,,
7/4/2026,675,Jap-6,Japanese ,Pacific cod,45,,
7/4/2026,672,Jap-7,Japanese ,Pacific cod,45,,
7/4/2026,672,Jap-7,Japanese ,Pacific cod,45,,
7/4/2026,672,Jap-7,Japanese ,Pacific cod,45,,
7/2/2026,670,Kai-1,Kaiugnak,Pacific cod,45,,
7/2/2026,670,Kai-1,Kaiugnak,Pacific cod,45,,
7/2/2026,670,Kai-1,Kaiugnak,Pacific cod,45,,
7/2/2026,666,Kai-3,Kaiugnak,Pacific cod,45,,
7/2/2026,669,Kai-4,Kaiugnak,Pacific cod,45,,
7/2/2026,669,Kai-4,Kaiugnak,Pacific cod,45,,
7/2/2026,669,Kai-4,Kaiugnak,Pacific cod,45,,
7/2/2026,668,Kai-7,Kaiugnak,Pacific cod,45,,
7/2/2026,668,Kai-7,Kaiugnak,Pacific cod,45,,
7/2/2026,668,Kai-7,Kaiugnak,Pacific cod,45,,
6/30/2026,660,Kil-1,Kiliuda,Pacific cod,45,,
6/30/2026,661,Kil-2,Kiliuda,Pacific cod,45,,
6/30/2026,661,Kil-2,Kiliuda,Pacific cod,45,,
6/30/2026,661,Kil-2,Kiliuda,Pacific cod,45,,
6/30/2026,662,Kil-3,Kiliuda,Pacific cod,45,,
6/30/2026,665,Kil-5,Kiliuda,Pacific cod,45,,
7/18/2026,702,Mit-3,Mitrofania,Pacific cod,45,,
7/14/2026,695,Sand-2,Sand Point,Pacific cod,45,,
7/14/2026,695,Sand-2,Sand Point,Pacific cod,45,,
7/14/2026,695,Sand-2,Sand Point,Pacific cod,45,,
7/14/2026,695,Sand-2,Sand Point,Pacific cod,45,,
7/14/2026,695,Sand-2,Sand Point,Pacific cod,45,,
7/22/2026,710,AG-1,Agripina,Pacific cod,46,,
7/22/2026,711,AG-2,Agripina,Pacific cod,46,,
7/22/2026,711,AG-2,Agripina,Pacific cod,46,,
7/22/2026,713,AG-3,Agripina,Pacific cod,46,,
7/22/2026,714,AG-4,Agripina,Pacific cod,46,,
7/22/2026,712,AG-5,Agripina,Pacific cod,46,,
7/22/2026,712,AG-5,Agripina,Pacific cod,46,,
7/12/2026,688,Bar-4,Baralof,Pacific cod,46,,
7/9/2026,678,BB-3,Balboa,Pacific cod,46,,
7/9/2026,678,BB-3,Balboa,Pacific cod,46,,
7/9/2026,680,BB-4,Balboa,Pacific cod,46,,
7/9/2026,680,BB-4,Balboa,Pacific cod,46,,
7/11/2026,685,Fal-3,Falmouth,Pacific cod,46,,
7/11/2026,685,Fal-3,Falmouth,Pacific cod,46,,
7/11/2026,684,Fal-4,Falmouth,Pacific cod,46,,
7/11/2026,682,Fal-5,Falmouth,Pacific cod,46,,
7/16/2026,699,Fox-1,Fox,Pacific cod,46,,
7/16/2026,698,Fox-3,Fox,Pacific cod,46,,
7/16/2026,697,Fox-5,Fox,Pacific cod,46,,
7/16/2026,697,Fox-5,Fox,Pacific cod,46,,
7/4/2026,674,Jap-3,Japanese ,Pacific cod,46,,
7/4/2026,674,Jap-3,Japanese ,Pacific cod,46,,
7/2/2026,670,Kai-1,Kaiugnak,Pacific cod,46,,
7/2/2026,670,Kai-1,Kaiugnak,Pacific cod,46,,
7/2/2026,666,Kai-3,Kaiugnak,Pacific cod,46,,
7/2/2026,666,Kai-3,Kaiugnak,Pacific cod,46,,
7/2/2026,666,Kai-3,Kaiugnak,Pacific cod,46,,
7/2/2026,669,Kai-4,Kaiugnak,Pacific cod,46,,
7/2/2026,669,Kai-4,Kaiugnak,Pacific cod,46,,
7/2/2026,669,Kai-4,Kaiugnak,Pacific cod,46,,
7/2/2026,669,Kai-4,Kaiugnak,Pacific cod,46,,
7/2/2026,667,Kai-6,Kaiugnak,Pacific cod,46,,
7/2/2026,668,Kai-7,Kaiugnak,Pacific cod,46,,
7/2/2026,668,Kai-7,Kaiugnak,Pacific cod,46,,
6/30/2026,660,Kil-1,Kiliuda,Pacific cod,46,,
6/30/2026,661,Kil-2,Kiliuda,Pacific cod,46,,
6/30/2026,662,Kil-3,Kiliuda,Pacific cod,46,,
6/30/2026,662,Kil-3,Kiliuda,Pacific cod,46,,
6/30/2026,662,Kil-3,Kiliuda,Pacific cod,46,,
6/30/2026,663,Kil-4,Kiliuda,Pacific cod,46,,
7/18/2026,702,Mit-3,Mitrofania,Pacific cod,46,,
7/18/2026,705,Mit-6,Mitrofania,Pacific cod,46,,
7/14/2026,695,Sand-2,Sand Point,Pacific cod,46,,
7/22/2026,710,AG-1,Agripina,Pacific cod,47,,
7/22/2026,710,AG-1,Agripina,Pacific cod,47,,
7/22/2026,710,AG-1,Agripina,Pacific cod,47,,
7/22/2026,711,AG-2,Agripina,Pacific cod,47,,
7/22/2026,711,AG-2,Agripina,Pacific cod,47,,
7/22/2026,711,AG-2,Agripina,Pacific cod,47,,
7/22/2026,711,AG-2,Agripina,Pacific cod,47,,
7/22/2026,711,AG-2,Agripina,Pacific cod,47,,
7/22/2026,711,AG-2,Agripina,Pacific cod,47,,
7/22/2026,711,AG-2,Agripina,Pacific cod,47,,
7/22/2026,713,AG-3,Agripina,Pacific cod,47,,
7/22/2026,713,AG-3,Agripina,Pacific cod,47,,
7/22/2026,714,AG-4,Agripina,Pacific cod,47,,
7/22/2026,712,AG-5,Agripina,Pacific cod,47,,
7/12/2026,688,Bar-4,Baralof,Pacific cod,47,,
7/9/2026,678,BB-3,Balboa,Pacific cod,47,,
7/11/2026,683,Fal-1,Falmouth,Pacific cod,47,,
7/11/2026,683,Fal-1,Falmouth,Pacific cod,47,,
7/11/2026,685,Fal-3,Falmouth,Pacific cod,47,,
7/11/2026,682,Fal-5,Falmouth,Pacific cod,47,,
7/11/2026,682,Fal-5,Falmouth,Pacific cod,47,,
7/16/2026,699,Fox-1,Fox,Pacific cod,47,,
7/16/2026,698,Fox-3,Fox,Pacific cod,47,,
7/16/2026,698,Fox-3,Fox,Pacific cod,47,,
7/4/2026,673,Jap-2,Japanese ,Pacific cod,47,,
7/4/2026,677,Jap-5,Japanese ,Pacific cod,47,,
7/4/2026,672,Jap-7,Japanese ,Pacific cod,47,,
7/4/2026,672,Jap-7,Japanese ,Pacific cod,47,,
7/2/2026,670,Kai-1,Kaiugnak,Pacific cod,47,,
7/2/2026,670,Kai-1,Kaiugnak,Pacific cod,47,,
7/2/2026,670,Kai-1,Kaiugnak,Pacific cod,47,,
7/2/2026,670,Kai-1,Kaiugnak,Pacific cod,47,,
7/2/2026,666,Kai-3,Kaiugnak,Pacific cod,47,,
7/2/2026,666,Kai-3,Kaiugnak,Pacific cod,47,,
7/2/2026,666,Kai-3,Kaiugnak,Pacific cod,47,,
7/2/2026,666,Kai-3,Kaiugnak,Pacific cod,47,,
7/2/2026,666,Kai-3,Kaiugnak,Pacific cod,47,,
7/2/2026,669,Kai-4,Kaiugnak,Pacific cod,47,,
7/2/2026,669,Kai-4,Kaiugnak,Pacific cod,47,,
7/2/2026,669,Kai-4,Kaiugnak,Pacific cod,47,,
7/2/2026,667,Kai-6,Kaiugnak,Pacific cod,47,,
7/2/2026,667,Kai-6,Kaiugnak,Pacific cod,47,,
7/2/2026,667,Kai-6,Kaiugnak,Pacific cod,47,,
7/2/2026,667,Kai-6,Kaiugnak,Pacific cod,47,,
7/2/2026,668,Kai-7,Kaiugnak,Pacific cod,47,,
7/2/2026,668,Kai-7,Kaiugnak,Pacific cod,47,,
6/30/2026,661,Kil-2,Kiliuda,Pacific cod,47,,
6/30/2026,661,Kil-2,Kiliuda,Pacific cod,47,,
6/30/2026,662,Kil-3,Kiliuda,Pacific cod,47,,
6/30/2026,662,Kil-3,Kiliuda,Pacific cod,47,,
6/30/2026,663,Kil-4,Kiliuda,Pacific cod,47,,
6/30/2026,663,Kil-4,Kiliuda,Pacific cod,47,,
6/30/2026,665,Kil-5,Kiliuda,Pacific cod,47,,
6/30/2026,665,Kil-5,Kiliuda,Pacific cod,47,,
7/18/2026,702,Mit-3,Mitrofania,Pacific cod,47,,
7/18/2026,705,Mit-6,Mitrofania,Pacific cod,47,,
7/21/2026,708,PW-1,Port Wrangell,Pacific cod,47,,
7/14/2026,695,Sand-2,Sand Point,Pacific cod,47,,
7/14/2026,695,Sand-2,Sand Point,Pacific cod,47,,
7/14/2026,695,Sand-2,Sand Point,Pacific cod,47,,
7/14/2026,695,Sand-2,Sand Point,Pacific cod,47,,
7/22/2026,710,AG-1,Agripina,Pacific cod,48,,
7/22/2026,710,AG-1,Agripina,Pacific cod,48,,
7/22/2026,710,AG-1,Agripina,Pacific cod,48,,
7/22/2026,711,AG-2,Agripina,Pacific cod,48,,
7/22/2026,711,AG-2,Agripina,Pacific cod,48,,
7/22/2026,711,AG-2,Agripina,Pacific cod,48,,
7/22/2026,711,AG-2,Agripina,Pacific cod,48,,
7/22/2026,713,AG-3,Agripina,Pacific cod,48,,
7/22/2026,714,AG-4,Agripina,Pacific cod,48,,
7/12/2026,690,Bar-2,Baralof,Pacific cod,48,,
7/12/2026,687,Bar-5,Baralof,Pacific cod,48,,
7/12/2026,687,Bar-5,Baralof,Pacific cod,48,,
7/12/2026,687,Bar-5,Baralof,Pacific cod,48,,
7/11/2026,685,Fal-3,Falmouth,Pacific cod,48,,
7/11/2026,682,Fal-5,Falmouth,Pacific cod,48,,
7/16/2026,698,Fox-3,Fox,Pacific cod,48,,
7/16/2026,696,Fox-4,Fox,Pacific cod,48,,
7/4/2026,676,Jap-1,Japanese ,Pacific cod,48,,
7/4/2026,673,Jap-2,Japanese ,Pacific cod,48,,
7/4/2026,674,Jap-3,Japanese ,Pacific cod,48,,
7/4/2026,672,Jap-7,Japanese ,Pacific cod,48,,
7/2/2026,666,Kai-3,Kaiugnak,Pacific cod,48,,
7/2/2026,666,Kai-3,Kaiugnak,Pacific cod,48,,
7/2/2026,666,Kai-3,Kaiugnak,Pacific cod,48,,
7/2/2026,666,Kai-3,Kaiugnak,Pacific cod,48,,
7/2/2026,667,Kai-6,Kaiugnak,Pacific cod,48,,
7/2/2026,667,Kai-6,Kaiugnak,Pacific cod,48,,
6/30/2026,660,Kil-1,Kiliuda,Pacific cod,48,,
6/30/2026,661,Kil-2,Kiliuda,Pacific cod,48,,
6/30/2026,664,Kil-6,Kiliuda,Pacific cod,48,,
6/30/2026,664,Kil-6,Kiliuda,Pacific cod,48,,
7/21/2026,709,PW-4,Port Wrangell,Pacific cod,48,,
7/21/2026,709,PW-4,Port Wrangell,Pacific cod,48,,
7/14/2026,695,Sand-2,Sand Point,Pacific cod,48,,
7/14/2026,695,Sand-2,Sand Point,Pacific cod,48,,
7/22/2026,710,AG-1,Agripina,Pacific cod,49,,
7/22/2026,710,AG-1,Agripina,Pacific cod,49,,
7/22/2026,711,AG-2,Agripina,Pacific cod,49,,
7/22/2026,711,AG-2,Agripina,Pacific cod,49,,
7/22/2026,711,AG-2,Agripina,Pacific cod,49,,
7/22/2026,712,AG-5,Agripina,Pacific cod,49,,
7/12/2026,688,Bar-4,Baralof,Pacific cod,49,,
7/12/2026,687,Bar-5,Baralof,Pacific cod,49,,
7/9/2026,681,BB-7,Balboa,Pacific cod,49,,
7/11/2026,685,Fal-3,Falmouth,Pacific cod,49,,
7/11/2026,685,Fal-3,Falmouth,Pacific cod,49,,
7/16/2026,699,Fox-1,Fox,Pacific cod,49,,
7/16/2026,698,Fox-3,Fox,Pacific cod,49,,
7/4/2026,675,Jap-6,Japanese ,Pacific cod,49,,
7/4/2026,672,Jap-7,Japanese ,Pacific cod,49,,
7/4/2026,672,Jap-7,Japanese ,Pacific cod,49,,
7/2/2026,670,Kai-1,Kaiugnak,Pacific cod,49,,
7/2/2026,670,Kai-1,Kaiugnak,Pacific cod,49,,
7/2/2026,666,Kai-3,Kaiugnak,Pacific cod,49,,
7/2/2026,669,Kai-4,Kaiugnak,Pacific cod,49,,
7/2/2026,669,Kai-4,Kaiugnak,Pacific cod,49,,
7/2/2026,667,Kai-6,Kaiugnak,Pacific cod,49,,
7/2/2026,667,Kai-6,Kaiugnak,Pacific cod,49,,
6/30/2026,660,Kil-1,Kiliuda,Pacific cod,49,,
7/18/2026,702,Mit-3,Mitrofania,Pacific cod,49,,
7/18/2026,705,Mit-6,Mitrofania,Pacific cod,49,,
7/14/2026,695,Sand-2,Sand Point,Pacific cod,49,,
7/22/2026,710,AG-1,Agripina,Pacific cod,50,,
7/22/2026,710,AG-1,Agripina,Pacific cod,50,,
7/22/2026,710,AG-1,Agripina,Pacific cod,50,,
7/22/2026,711,AG-2,Agripina,Pacific cod,50,,
7/22/2026,711,AG-2,Agripina,Pacific cod,50,,
7/22/2026,714,AG-4,Agripina,Pacific cod,50,,
7/22/2026,712,AG-5,Agripina,Pacific cod,50,,
7/12/2026,687,Bar-5,Baralof,Pacific cod,50,,
7/11/2026,683,Fal-1,Falmouth,Pacific cod,50,,
7/16/2026,699,Fox-1,Fox,Pacific cod,50,,
7/16/2026,699,Fox-1,Fox,Pacific cod,50,,
7/16/2026,698,Fox-3,Fox,Pacific cod,50,,
7/16/2026,696,Fox-4,Fox,Pacific cod,50,,
7/4/2026,676,Jap-1,Japanese ,Pacific cod,50,,
7/4/2026,676,Jap-1,Japanese ,Pacific cod,50,,
7/4/2026,673,Jap-2,Japanese ,Pacific cod,50,,
7/4/2026,674,Jap-3,Japanese ,Pacific cod,50,,
7/4/2026,674,Jap-3,Japanese ,Pacific cod,50,,
7/4/2026,677,Jap-5,Japanese ,Pacific cod,50,,
7/4/2026,677,Jap-5,Japanese ,Pacific cod,50,,
7/4/2026,672,Jap-7,Japanese ,Pacific cod,50,,
7/4/2026,672,Jap-7,Japanese ,Pacific cod,50,,
7/2/2026,666,Kai-3,Kaiugnak,Pacific cod,50,,
7/2/2026,669,Kai-4,Kaiugnak,Pacific cod,50,,
7/2/2026,669,Kai-4,Kaiugnak,Pacific cod,50,,
7/2/2026,669,Kai-4,Kaiugnak,Pacific cod,50,,
7/2/2026,667,Kai-6,Kaiugnak,Pacific cod,50,,
7/2/2026,667,Kai-6,Kaiugnak,Pacific cod,50,,
6/30/2026,661,Kil-2,Kiliuda,Pacific cod,50,,
6/30/2026,662,Kil-3,Kiliuda,Pacific cod,50,,
7/18/2026,703,Mit-2,Mitrofania,Pacific cod,50,,
7/18/2026,702,Mit-3,Mitrofania,Pacific cod,50,,
7/18/2026,702,Mit-3,Mitrofania,Pacific cod,50,,
7/18/2026,705,Mit-6,Mitrofania,Pacific cod,50,,
7/18/2026,705,Mit-6,Mitrofania,Pacific cod,50,,
7/18/2026,705,Mit-6,Mitrofania,Pacific cod,50,,
7/18/2026,705,Mit-6,Mitrofania,Pacific cod,50,,
7/21/2026,708,PW-1,Port Wrangell,Pacific cod,50,,
7/21/2026,709,PW-4,Port Wrangell,Pacific cod,50,,
7/14/2026,695,Sand-2,Sand Point,Pacific cod,50,,
7/14/2026,695,Sand-2,Sand Point,Pacific cod,50,,
7/22/2026,710,AG-1,Agripina,Pacific cod,51,,
7/22/2026,710,AG-1,Agripina,Pacific cod,51,,
7/22/2026,710,AG-1,Agripina,Pacific cod,51,,
7/22/2026,710,AG-1,Agripina,Pacific cod,51,,
7/22/2026,710,AG-1,Agripina,Pacific cod,51,,
7/22/2026,711,AG-2,Agripina,Pacific cod,51,,
7/22/2026,713,AG-3,Agripina,Pacific cod,51,,
7/22/2026,713,AG-3,Agripina,Pacific cod,51,,
7/22/2026,713,AG-3,Agripina,Pacific cod,51,,
7/22/2026,713,AG-3,Agripina,Pacific cod,51,,
7/22/2026,712,AG-5,Agripina,Pacific cod,51,,
7/12/2026,687,Bar-5,Baralof,Pacific cod,51,,
7/9/2026,678,BB-3,Balboa,Pacific cod,51,,
7/16/2026,699,Fox-1,Fox,Pacific cod,51,,
7/16/2026,698,Fox-3,Fox,Pacific cod,51,,
7/16/2026,698,Fox-3,Fox,Pacific cod,51,,
7/4/2026,676,Jap-1,Japanese ,Pacific cod,51,,
7/4/2026,676,Jap-1,Japanese ,Pacific cod,51,,
7/4/2026,672,Jap-7,Japanese ,Pacific cod,51,,
7/2/2026,670,Kai-1,Kaiugnak,Pacific cod,51,,
7/2/2026,666,Kai-3,Kaiugnak,Pacific cod,51,,
7/2/2026,666,Kai-3,Kaiugnak,Pacific cod,51,,
7/2/2026,667,Kai-6,Kaiugnak,Pacific cod,51,,
7/2/2026,667,Kai-6,Kaiugnak,Pacific cod,51,,
6/30/2026,662,Kil-3,Kiliuda,Pacific cod,51,,
6/30/2026,665,Kil-5,Kiliuda,Pacific cod,51,,
7/18/2026,703,Mit-2,Mitrofania,Pacific cod,51,,
7/18/2026,702,Mit-3,Mitrofania,Pacific cod,51,,
7/18/2026,702,Mit-3,Mitrofania,Pacific cod,51,,
7/18/2026,701,Mit-5,Mitrofania,Pacific cod,51,,
7/18/2026,705,Mit-6,Mitrofania,Pacific cod,51,,
7/18/2026,705,Mit-6,Mitrofania,Pacific cod,51,,
7/18/2026,705,Mit-6,Mitrofania,Pacific cod,51,,
7/21/2026,709,PW-4,Port Wrangell,Pacific cod,51,,
7/21/2026,709,PW-4,Port Wrangell,Pacific cod,51,,
7/14/2026,695,Sand-2,Sand Point,Pacific cod,51,,
7/14/2026,695,Sand-2,Sand Point,Pacific cod,51,,
7/22/2026,710,AG-1,Agripina,Pacific cod,52,,
7/22/2026,711,AG-2,Agripina,Pacific cod,52,,
7/22/2026,711,AG-2,Agripina,Pacific cod,52,,
7/22/2026,713,AG-3,Agripina,Pacific cod,52,,
7/22/2026,714,AG-4,Agripina,Pacific cod,52,,
7/22/2026,712,AG-5,Agripina,Pacific cod,52,,
7/16/2026,698,Fox-3,Fox,Pacific cod,52,,
7/16/2026,696,Fox-4,Fox,Pacific cod,52,,
7/16/2026,696,Fox-4,Fox,Pacific cod,52,,
7/16/2026,696,Fox-4,Fox,Pacific cod,52,,
7/4/2026,676,Jap-1,Japanese ,Pacific cod,52,,
7/4/2026,676,Jap-1,Japanese ,Pacific cod,52,,
7/4/2026,673,Jap-2,Japanese ,Pacific cod,52,,
7/4/2026,673,Jap-2,Japanese ,Pacific cod,52,,
7/4/2026,674,Jap-3,Japanese ,Pacific cod,52,,
7/4/2026,677,Jap-5,Japanese ,Pacific cod,52,,
7/4/2026,672,Jap-7,Japanese ,Pacific cod,52,,
7/4/2026,672,Jap-7,Japanese ,Pacific cod,52,,
7/2/2026,670,Kai-1,Kaiugnak,Pacific cod,52,,
7/2/2026,666,Kai-3,Kaiugnak,Pacific cod,52,,
7/2/2026,669,Kai-4,Kaiugnak,Pacific cod,52,,
7/2/2026,667,Kai-6,Kaiugnak,Pacific cod,52,,
7/2/2026,667,Kai-6,Kaiugnak,Pacific cod,52,,
7/18/2026,703,Mit-2,Mitrofania,Pacific cod,52,,
7/18/2026,702,Mit-3,Mitrofania,Pacific cod,52,,
7/18/2026,702,Mit-3,Mitrofania,Pacific cod,52,,
7/14/2026,695,Sand-2,Sand Point,Pacific cod,52,,
7/22/2026,710,AG-1,Agripina,Pacific cod,53,,
7/22/2026,710,AG-1,Agripina,Pacific cod,53,,
7/22/2026,711,AG-2,Agripina,Pacific cod,53,,
7/22/2026,711,AG-2,Agripina,Pacific cod,53,,
7/22/2026,711,AG-2,Agripina,Pacific cod,53,,
7/22/2026,713,AG-3,Agripina,Pacific cod,53,,
7/22/2026,712,AG-5,Agripina,Pacific cod,53,,
7/22/2026,715,AG-6,Agripina,Pacific cod,53,,
7/22/2026,715,AG-6,Agripina,Pacific cod,53,,
7/12/2026,687,Bar-5,Baralof,Pacific cod,53,,
7/12/2026,687,Bar-5,Baralof,Pacific cod,53,,
7/9/2026,679,BB-2,Balboa,Pacific cod,53,,
7/11/2026,684,Fal-4,Falmouth,Pacific cod,53,,
7/16/2026,698,Fox-3,Fox,Pacific cod,53,,
7/4/2026,675,Jap-6,Japanese ,Pacific cod,53,,
7/4/2026,672,Jap-7,Japanese ,Pacific cod,53,,
7/2/2026,670,Kai-1,Kaiugnak,Pacific cod,53,,
6/30/2026,660,Kil-1,Kiliuda,Pacific cod,53,,
6/30/2026,660,Kil-1,Kiliuda,Pacific cod,53,,
7/18/2026,704,Mit-1,Mitrofania,Pacific cod,53,,
7/18/2026,701,Mit-5,Mitrofania,Pacific cod,53,,
7/21/2026,709,PW-4,Port Wrangell,Pacific cod,53,,
7/21/2026,709,PW-4,Port Wrangell,Pacific cod,53,,
7/21/2026,709,PW-4,Port Wrangell,Pacific cod,53,,
7/14/2026,695,Sand-2,Sand Point,Pacific cod,53,,
7/22/2026,711,AG-2,Agripina,Pacific cod,54,,
7/22/2026,711,AG-2,Agripina,Pacific cod,54,,
7/22/2026,713,AG-3,Agripina,Pacific cod,54,,
7/22/2026,713,AG-3,Agripina,Pacific cod,54,,
7/22/2026,712,AG-5,Agripina,Pacific cod,54,,
7/12/2026,687,Bar-5,Baralof,Pacific cod,54,,
7/16/2026,698,Fox-3,Fox,Pacific cod,54,,
7/4/2026,676,Jap-1,Japanese ,Pacific cod,54,,
7/4/2026,676,Jap-1,Japanese ,Pacific cod,54,,
7/4/2026,676,Jap-1,Japanese ,Pacific cod,54,,
7/4/2026,675,Jap-6,Japanese ,Pacific cod,54,,
7/2/2026,669,Kai-4,Kaiugnak,Pacific cod,54,,
6/30/2026,661,Kil-2,Kiliuda,Pacific cod,54,,
6/30/2026,665,Kil-5,Kiliuda,Pacific cod,54,,
7/18/2026,703,Mit-2,Mitrofania,Pacific cod,54,,
7/18/2026,702,Mit-3,Mitrofania,Pacific cod,54,,
7/18/2026,702,Mit-3,Mitrofania,Pacific cod,54,,
7/18/2026,702,Mit-3,Mitrofania,Pacific cod,54,,
7/18/2026,701,Mit-5,Mitrofania,Pacific cod,54,,
7/18/2026,701,Mit-5,Mitrofania,Pacific cod,54,,
7/18/2026,705,Mit-6,Mitrofania,Pacific cod,54,,
7/21/2026,708,PW-1,Port Wrangell,Pacific cod,54,,
7/21/2026,708,PW-1,Port Wrangell,Pacific cod,54,,
7/21/2026,709,PW-4,Port Wrangell,Pacific cod,54,,
7/14/2026,695,Sand-2,Sand Point,Pacific cod,54,,
7/22/2026,710,AG-1,Agripina,Pacific cod,55,,
7/22/2026,711,AG-2,Agripina,Pacific cod,55,,
7/22/2026,711,AG-2,Agripina,Pacific cod,55,,
7/22/2026,713,AG-3,Agripina,Pacific cod,55,,
7/22/2026,714,AG-4,Agripina,Pacific cod,55,,
7/22/2026,714,AG-4,Agripina,Pacific cod,55,,
7/22/2026,712,AG-5,Agripina,Pacific cod,55,,
7/22/2026,712,AG-5,Agripina,Pacific cod,55,,
7/2/2026,670,Kai-1,Kaiugnak,Pacific cod,55,,
6/30/2026,660,Kil-1,Kiliuda,Pacific cod,55,,
6/30/2026,661,Kil-2,Kiliuda,Pacific cod,55,,
6/30/2026,663,Kil-4,Kiliuda,Pacific cod,55,,
7/18/2026,703,Mit-2,Mitrofania,Pacific cod,55,,
7/18/2026,701,Mit-5,Mitrofania,Pacific cod,55,,
7/18/2026,701,Mit-5,Mitrofania,Pacific cod,55,,
7/18/2026,705,Mit-6,Mitrofania,Pacific cod,55,,
7/18/2026,705,Mit-6,Mitrofania,Pacific cod,55,,
7/18/2026,705,Mit-6,Mitrofania,Pacific cod,55,,
7/21/2026,708,PW-1,Port Wrangell,Pacific cod,55,,
7/21/2026,708,PW-1,Port Wrangell,Pacific cod,55,,
7/21/2026,709,PW-4,Port Wrangell,Pacific cod,55,,
7/21/2026,709,PW-4,Port Wrangell,Pacific cod,55,,
7/21/2026,709,PW-4,Port Wrangell,Pacific cod,55,,
7/22/2026,710,AG-1,Agripina,Pacific cod,56,,
7/22/2026,713,AG-3,Agripina,Pacific cod,56,,
7/22/2026,714,AG-4,Agripina,Pacific cod,56,,
7/22/2026,712,AG-5,Agripina,Pacific cod,56,,
7/22/2026,715,AG-6,Agripina,Pacific cod,56,,
7/22/2026,715,AG-6,Agripina,Pacific cod,56,,
7/16/2026,698,Fox-3,Fox,Pacific cod,56,,
7/16/2026,697,Fox-5,Fox,Pacific cod,56,,
6/30/2026,660,Kil-1,Kiliuda,Pacific cod,56,,
7/18/2026,703,Mit-2,Mitrofania,Pacific cod,56,,
7/18/2026,701,Mit-5,Mitrofania,Pacific cod,56,,
7/21/2026,708,PW-1,Port Wrangell,Pacific cod,56,,
7/22/2026,710,AG-1,Agripina,Pacific cod,57,,
7/22/2026,711,AG-2,Agripina,Pacific cod,57,,
7/22/2026,711,AG-2,Agripina,Pacific cod,57,,
7/22/2026,711,AG-2,Agripina,Pacific cod,57,,
7/22/2026,714,AG-4,Agripina,Pacific cod,57,,
7/22/2026,714,AG-4,Agripina,Pacific cod,57,,
7/22/2026,714,AG-4,Agripina,Pacific cod,57,,
7/22/2026,712,AG-5,Agripina,Pacific cod,57,,
7/22/2026,712,AG-5,Agripina,Pacific cod,57,,
7/22/2026,712,AG-5,Agripina,Pacific cod,57,,
7/22/2026,715,AG-6,Agripina,Pacific cod,57,,
7/22/2026,715,AG-6,Agripina,Pacific cod,57,,
7/22/2026,715,AG-6,Agripina,Pacific cod,57,,
7/9/2026,678,BB-3,Balboa,Pacific cod,57,,
7/16/2026,696,Fox-4,Fox,Pacific cod,57,,
7/16/2026,697,Fox-5,Fox,Pacific cod,57,,
7/4/2026,674,Jap-3,Japanese ,Pacific cod,57,,
7/4/2026,675,Jap-6,Japanese ,Pacific cod,57,,
7/4/2026,672,Jap-7,Japanese ,Pacific cod,57,,
7/2/2026,667,Kai-6,Kaiugnak,Pacific cod,57,,
7/18/2026,705,Mit-6,Mitrofania,Pacific cod,57,,
7/21/2026,708,PW-1,Port Wrangell,Pacific cod,57,,
7/21/2026,707,PW-3,Port Wrangell,Pacific cod,57,,
7/21/2026,709,PW-4,Port Wrangell,Pacific cod,57,,
7/22/2026,710,AG-1,Agripina,Pacific cod,58,,
7/22/2026,711,AG-2,Agripina,Pacific cod,58,,
7/22/2026,711,AG-2,Agripina,Pacific cod,58,,
7/22/2026,713,AG-3,Agripina,Pacific cod,58,,
7/22/2026,714,AG-4,Agripina,Pacific cod,58,,
7/2/2026,670,Kai-1,Kaiugnak,Pacific cod,58,,
7/2/2026,670,Kai-1,Kaiugnak,Pacific cod,58,,
7/2/2026,667,Kai-6,Kaiugnak,Pacific cod,58,,
6/30/2026,660,Kil-1,Kiliuda,Pacific cod,58,,
6/30/2026,664,Kil-6,Kiliuda,Pacific cod,58,, 
7/21/2026,708,PW-1,Port Wrangell,Pacific cod,58,,
7/22/2026,714,AG-4,Agripina,Pacific cod,59,,
7/22/2026,712,AG-5,Agripina,Pacific cod,59,,
7/22/2026,712,AG-5,Agripina,Pacific cod,59,,
7/22/2026,712,AG-5,Agripina,Pacific cod,59,,
7/22/2026,715,AG-6,Agripina,Pacific cod,59,,
7/18/2026,703,Mit-2,Mitrofania,Pacific cod,59,,
7/18/2026,702,Mit-3,Mitrofania,Pacific cod,59,,
7/18/2026,701,Mit-5,Mitrofania,Pacific cod,59,,
7/21/2026,708,PW-1,Port Wrangell,Pacific cod,59,,
7/21/2026,709,PW-4,Port Wrangell,Pacific cod,59,,
7/22/2026,710,AG-1,Agripina,Pacific cod,60,,
7/22/2026,710,AG-1,Agripina,Pacific cod,60,,
7/22/2026,710,AG-1,Agripina,Pacific cod,60,,
7/22/2026,710,AG-1,Agripina,Pacific cod,60,,
7/22/2026,714,AG-4,Agripina,Pacific cod,60,,
7/4/2026,676,Jap-1,Japanese ,Pacific cod,60,,
7/4/2026,673,Jap-2,Japanese ,Pacific cod,60,,
7/4/2026,672,Jap-7,Japanese ,Pacific cod,60,,
7/21/2026,709,PW-4,Port Wrangell,Pacific cod,60,,
7/22/2026,710,AG-1,Agripina,Pacific cod,61,,
7/22/2026,710,AG-1,Agripina,Pacific cod,61,,
7/22/2026,714,AG-4,Agripina,Pacific cod,61,,
7/22/2026,715,AG-6,Agripina,Pacific cod,61,,
7/21/2026,708,PW-1,Port Wrangell,Pacific cod,61,,
7/21/2026,708,PW-1,Port Wrangell,Pacific cod,61,,
7/22/2026,712,AG-5,Agripina,Pacific cod,62,,
7/22/2026,715,AG-6,Agripina,Pacific cod,62,,
7/22/2026,715,AG-6,Agripina,Pacific cod,62,,
7/18/2026,703,Mit-2,Mitrofania,Pacific cod,62,,
7/21/2026,709,PW-4,Port Wrangell,Pacific cod,62,,
7/21/2026,709,PW-4,Port Wrangell,Pacific cod,62,,
7/22/2026,710,AG-1,Agripina,Pacific cod,63,,
7/22/2026,710,AG-1,Agripina,Pacific cod,63,,
7/18/2026,703,Mit-2,Mitrofania,Pacific cod,63,,
7/22/2026,715,AG-6,Agripina,Pacific cod,64,,
7/16/2026,699,Fox-1,Fox,Pacific cod,64,,
7/18/2026,705,Mit-6,Mitrofania,Pacific cod,64,,
7/21/2026,709,PW-4,Port Wrangell,Pacific cod,64,,
7/22/2026,711,AG-2,Agripina,Pacific cod,65,,
7/22/2026,711,AG-2,Agripina,Pacific cod,65,,
7/22/2026,711,AG-2,Agripina,Pacific cod,65,,
7/22/2026,714,AG-4,Agripina,Pacific cod,65,,
7/22/2026,712,AG-5,Agripina,Pacific cod,65,,
7/22/2026,715,AG-6,Agripina,Pacific cod,65,,
7/21/2026,708,PW-1,Port Wrangell,Pacific cod,65,,
7/22/2026,715,AG-6,Agripina,Pacific cod,66,,
7/22/2026,715,AG-6,Agripina,Pacific cod,66,,
7/22/2026,715,AG-6,Agripina,Pacific cod,66,,
7/4/2026,676,Jap-1,Japanese ,Pacific cod,66,,
7/22/2026,710,AG-1,Agripina,Pacific cod,67,,
7/22/2026,710,AG-1,Agripina,Pacific cod,67,,
7/22/2026,710,AG-1,Agripina,Pacific cod,67,,
7/22/2026,711,AG-2,Agripina,Pacific cod,67,,
7/22/2026,712,AG-5,Agripina,Pacific cod,67,,
7/22/2026,715,AG-6,Agripina,Pacific cod,67,,
7/18/2026,702,Mit-3,Mitrofania,Pacific cod,67,,
7/21/2026,709,PW-4,Port Wrangell,Pacific cod,67,,
7/22/2026,710,AG-1,Agripina,Pacific cod,68,,
7/22/2026,715,AG-6,Agripina,Pacific cod,68,,
7/22/2026,715,AG-6,Agripina,Pacific cod,68,,
7/22/2026,714,AG-4,Agripina,Pacific cod,69,,
7/4/2026,677,Jap-5,Japanese ,Pacific cod,69,,
7/21/2026,708,PW-1,Port Wrangell,Pacific cod,69,,
7/21/2026,709,PW-4,Port Wrangell,Pacific cod,69,,
7/22/2026,711,AG-2,Agripina,Pacific cod,70,,
7/22/2026,713,AG-3,Agripina,Pacific cod,72,,
7/22/2026,714,AG-4,Agripina,Pacific cod,72,,
7/21/2026,708,PW-1,Port Wrangell,Pacific cod,73,,
7/22/2026,711,AG-2,Agripina,Pacific cod,74,,
7/21/2026,709,PW-4,Port Wrangell,Pacific cod,74,,
7/22/2026,713,AG-3,Agripina,Pacific cod,76,,
7/22/2026,714,AG-4,Agripina,Pacific cod,77,,
7/22/2026,713,AG-3,Agripina,Pacific cod,78,,
6/16/2026,659,Laminaria East,Cook,Pacific cod,195,,
6/16/2026,659,Laminaria East,Cook,Pacific cod,199,,
6/16/2026,659,Laminaria East,Cook,Pacific cod,205,,
6/16/2026,657,Eelgrass South,Cook,Pacific cod,225,,
7/2/2026,669,Kai-4,Kaiugnak,Pacific cod,225,,
7/4/2026,672,Jap-7,Japanese ,Pacific cod,556,,
7/11/2026,686,Fal-2,Falmouth,Pacific halibut,45,,
7/11/2026,686,Fal-2,Falmouth,Pacific halibut,47,,
7/11/2026,686,Fal-2,Falmouth,Pacific halibut,52,,
7/2/2026,667,Kai-6,Kaiugnak,Pacific halibut,54,,
7/18/2026,704,Mit-1,Mitrofania,Pacific herring,106,,
7/2/2026,666,Kai-3,Kaiugnak,Pacific herring,109,,
7/2/2026,667,Kai-6,Kaiugnak,Pacific herring,110,,
7/18/2026,704,Mit-1,Mitrofania,Pacific herring,119,,
7/18/2026,704,Mit-1,Mitrofania,Pacific herring,125,,
7/18/2026,704,Mit-1,Mitrofania,Pacific herring,132,,
7/18/2026,704,Mit-1,Mitrofania,Pacific herring,146,,
7/18/2026,704,Mit-1,Mitrofania,Pacific herring,150,,
7/18/2026,704,Mit-1,Mitrofania,Pacific herring,150,,
7/18/2026,704,Mit-1,Mitrofania,Pacific herring,150,,
7/18/2026,704,Mit-1,Mitrofania,Pacific herring,168,,
7/18/2026,704,Mit-1,Mitrofania,Pacific herring,175,,
7/18/2026,704,Mit-1,Mitrofania,Pacific herring,181,,
7/18/2026,704,Mit-1,Mitrofania,Pacific herring,183,,
7/18/2026,704,Mit-1,Mitrofania,Pacific herring,185,,
7/18/2026,704,Mit-1,Mitrofania,Pacific herring,235,,
7/11/2026,685,Fal-3,Falmouth,Pacific herring,274,,
7/2/2026,667,Kai-6,Kaiugnak,Pacific sandlance,53,,
7/2/2026,667,Kai-6,Kaiugnak,Pacific sandlance,55,,
7/2/2026,667,Kai-6,Kaiugnak,Pacific sandlance,62,,
7/2/2026,667,Kai-6,Kaiugnak,Pacific sandlance,65,,
7/2/2026,667,Kai-6,Kaiugnak,Pacific sandlance,68,,
7/2/2026,667,Kai-6,Kaiugnak,Pacific sandlance,73,,
7/2/2026,667,Kai-6,Kaiugnak,Pacific sandlance,74,,
7/2/2026,669,Kai-4,Kaiugnak,Pacific sandlance,75,,
7/2/2026,669,Kai-4,Kaiugnak,Pacific sandlance,76,,
7/2/2026,669,Kai-4,Kaiugnak,Pacific sandlance,78,,
7/9/2026,679,BB-2,Balboa,Pacific sandlance,106,,
7/21/2026,706,PW-2,Port Wrangell,Pacific sandlance,107,,
7/2/2026,667,Kai-6,Kaiugnak,Pacific sandlance,109,,
7/9/2026,679,BB-2,Balboa,Pacific sandlance,111,,
7/2/2026,667,Kai-6,Kaiugnak,Pacific sandlance,113,,
7/9/2026,678,BB-3,Balboa,Pacific sandlance,116,,
7/4/2026,676,Jap-1,Japanese ,Pacific sandlance,116,,
7/2/2026,666,Kai-3,Kaiugnak,Pacific sandlance,116,,
7/9/2026,678,BB-3,Balboa,Pacific sandlance,118,,
7/4/2026,676,Jap-1,Japanese ,Pacific sandlance,120,,
7/9/2026,678,BB-3,Balboa,Pacific sandlance,121,,
7/9/2026,678,BB-3,Balboa,Pacific sandlance,121,,
7/9/2026,678,BB-3,Balboa,Pacific sandlance,121,,
7/9/2026,678,BB-3,Balboa,Pacific sandlance,122,,
7/9/2026,678,BB-3,Balboa,Pacific sandlance,122,,
7/4/2026,676,Jap-1,Japanese ,Pacific sandlance,123,,
7/9/2026,679,BB-2,Balboa,Pacific sandlance,124,,
7/9/2026,678,BB-3,Balboa,Pacific sandlance,125,,
7/9/2026,678,BB-3,Balboa,Pacific sandlance,125,,
7/9/2026,679,BB-2,Balboa,Pacific sandlance,126,,
7/9/2026,678,BB-3,Balboa,Pacific sandlance,126,,
7/2/2026,667,Kai-6,Kaiugnak,Pacific sandlance,126,,
7/9/2026,679,BB-2,Balboa,Pacific sandlance,128,,
7/9/2026,679,BB-2,Balboa,Pacific sandlance,128,,
7/9/2026,679,BB-2,Balboa,Pacific sandlance,128,,
7/9/2026,678,BB-3,Balboa,Pacific sandlance,130,,
7/2/2026,667,Kai-6,Kaiugnak,Pacific sandlance,130,,
7/9/2026,678,BB-3,Balboa,Pacific sandlance,135,,
7/9/2026,678,BB-3,Balboa,Pacific sandlance,136,,
7/2/2026,667,Kai-6,Kaiugnak,Pacific sandlance,138,,
7/9/2026,679,BB-2,Balboa,Pacific sandlance,139,,
7/9/2026,679,BB-2,Balboa,Pacific sandlance,140,,
7/9/2026,679,BB-2,Balboa,Pacific sandlance,148,,
7/4/2026,676,Jap-1,Japanese ,Pacific sandlance,155,,
7/2/2026,668,Kai-7,Kaiugnak,Pacific tomcod,161,,
7/2/2026,668,Kai-7,Kaiugnak,Pacific tomcod,166,,
7/4/2026,672,Jap-7,Japanese ,Pacific tomcod,251,,
6/16/2026,658,Eelgrass West,Cook,pink salmon,32,,
6/16/2026,658,Eelgrass West,Cook,pink salmon,32,,
7/2/2026,671,Kai-2,Kaiugnak,pink salmon,32,,
6/16/2026,658,Eelgrass West,Cook,pink salmon,34,,
7/2/2026,670,Kai-1,Kaiugnak,pink salmon,34,,
6/16/2026,657,Eelgrass South,Cook,pink salmon,35,,
6/16/2026,658,Eelgrass West,Cook,pink salmon,35,,
6/30/2026,664,Kil-6,Kiliuda,pink salmon,35,,
6/16/2026,658,Eelgrass West,Cook,pink salmon,36,,
7/2/2026,671,Kai-2,Kaiugnak,pink salmon,36,,
6/16/2026,658,Eelgrass West,Cook,pink salmon,38,,
6/16/2026,659,Laminaria East,Cook,pink salmon,40,,
6/30/2026,664,Kil-6,Kiliuda,pink salmon,42,,
7/2/2026,669,Kai-4,Kaiugnak,pink salmon,43,,
6/30/2026,662,Kil-3,Kiliuda,pink salmon,43,,
6/30/2026,664,Kil-6,Kiliuda,pink salmon,43,,
7/2/2026,667,Kai-6,Kaiugnak,pink salmon,44,,
6/30/2026,665,Kil-5,Kiliuda,pink salmon,44,,
6/30/2026,664,Kil-6,Kiliuda,pink salmon,44,,
6/30/2026,664,Kil-6,Kiliuda,pink salmon,44,,
6/16/2026,659,Laminaria East,Cook,pink salmon,44,,
7/16/2026,700,Fox-2,Fox,pink salmon,45,,
7/16/2026,700,Fox-2,Fox,pink salmon,45,,
7/2/2026,667,Kai-6,Kaiugnak,pink salmon,45,,
6/30/2026,664,Kil-6,Kiliuda,pink salmon,45,,
6/30/2026,664,Kil-6,Kiliuda,pink salmon,45,,
6/30/2026,664,Kil-6,Kiliuda,pink salmon,45,,
6/30/2026,664,Kil-6,Kiliuda,pink salmon,45,,
7/2/2026,666,Kai-3,Kaiugnak,pink salmon,46,,
7/2/2026,667,Kai-6,Kaiugnak,pink salmon,46,,
6/16/2026,658,Eelgrass West,Cook,pink salmon,47,,
7/4/2026,672,Jap-7,Japanese ,pink salmon,47,,
7/2/2026,667,Kai-6,Kaiugnak,pink salmon,47,,
6/30/2026,664,Kil-6,Kiliuda,pink salmon,47,,
6/30/2026,664,Kil-6,Kiliuda,pink salmon,47,,
6/30/2026,664,Kil-6,Kiliuda,pink salmon,47,,
6/30/2026,664,Kil-6,Kiliuda,pink salmon,47,,
6/16/2026,658,Eelgrass West,Cook,pink salmon,48,,
6/30/2026,664,Kil-6,Kiliuda,pink salmon,48,,
6/30/2026,664,Kil-6,Kiliuda,pink salmon,48,,
7/21/2026,708,PW-1,Port Wrangell,pink salmon,48,,
6/30/2026,664,Kil-6,Kiliuda,pink salmon,49,,
7/2/2026,669,Kai-4,Kaiugnak,pink salmon,50,,
7/2/2026,668,Kai-7,Kaiugnak,pink salmon,50,,
6/30/2026,664,Kil-6,Kiliuda,pink salmon,50,,
6/16/2026,659,Laminaria East,Cook,pink salmon,50,,
7/22/2026,712,AG-5,Agripina,pink salmon,51,,
7/2/2026,666,Kai-3,Kaiugnak,pink salmon,51,,
7/2/2026,667,Kai-6,Kaiugnak,pink salmon,51,,
6/16/2026,658,Eelgrass West,Cook,pink salmon,52,,
6/16/2026,658,Eelgrass West,Cook,pink salmon,52,,
6/16/2026,658,Eelgrass West,Cook,pink salmon,52,,
7/4/2026,673,Jap-2,Japanese ,pink salmon,52,,
7/2/2026,669,Kai-4,Kaiugnak,pink salmon,52,,
7/2/2026,667,Kai-6,Kaiugnak,pink salmon,52,,
6/16/2026,658,Eelgrass West,Cook,pink salmon,53,,
7/4/2026,676,Jap-1,Japanese ,pink salmon,53,,
7/2/2026,669,Kai-4,Kaiugnak,pink salmon,53,,
7/2/2026,669,Kai-4,Kaiugnak,pink salmon,53,,
7/2/2026,667,Kai-6,Kaiugnak,pink salmon,53,,
7/2/2026,667,Kai-6,Kaiugnak,pink salmon,53,,
7/2/2026,668,Kai-7,Kaiugnak,pink salmon,53,,
6/30/2026,664,Kil-6,Kiliuda,pink salmon,53,,
7/14/2026,694,Sand-3,Sand Point,pink salmon,53,,
7/12/2026,689,Bar-3,Baralof,pink salmon,54,,
7/16/2026,700,Fox-2,Fox,pink salmon,54,,
7/16/2026,700,Fox-2,Fox,pink salmon,54,,
7/16/2026,700,Fox-2,Fox,pink salmon,54,,
7/4/2026,673,Jap-2,Japanese ,pink salmon,54,,
7/4/2026,672,Jap-7,Japanese ,pink salmon,54,,
7/2/2026,666,Kai-3,Kaiugnak,pink salmon,54,,
7/2/2026,669,Kai-4,Kaiugnak,pink salmon,54,,
7/2/2026,667,Kai-6,Kaiugnak,pink salmon,54,,
6/16/2026,659,Laminaria East,Cook,pink salmon,54,,
6/16/2026,659,Laminaria East,Cook,pink salmon,54,,
7/21/2026,706,PW-2,Port Wrangell,pink salmon,54,,
7/22/2026,710,AG-1,Agripina,pink salmon,55,,
6/16/2026,658,Eelgrass West,Cook,pink salmon,55,,
7/16/2026,700,Fox-2,Fox,pink salmon,55,,
7/16/2026,696,Fox-4,Fox,pink salmon,55,,
7/4/2026,672,Jap-7,Japanese ,pink salmon,55,,
7/2/2026,666,Kai-3,Kaiugnak,pink salmon,55,,
7/2/2026,669,Kai-4,Kaiugnak,pink salmon,55,,
7/2/2026,669,Kai-4,Kaiugnak,pink salmon,55,,
7/2/2026,669,Kai-4,Kaiugnak,pink salmon,55,,
7/14/2026,694,Sand-3,Sand Point,pink salmon,55,,
7/16/2026,700,Fox-2,Fox,pink salmon,56,,
7/2/2026,666,Kai-3,Kaiugnak,pink salmon,56,,
7/2/2026,667,Kai-6,Kaiugnak,pink salmon,56,,
7/12/2026,689,Bar-3,Baralof,pink salmon,57,,
6/16/2026,658,Eelgrass West,Cook,pink salmon,57,,
7/4/2026,675,Jap-6,Japanese ,pink salmon,57,,
7/2/2026,666,Kai-3,Kaiugnak,pink salmon,57,,
7/2/2026,666,Kai-3,Kaiugnak,pink salmon,57,,
7/2/2026,666,Kai-3,Kaiugnak,pink salmon,57,,
7/2/2026,669,Kai-4,Kaiugnak,pink salmon,57,,
7/2/2026,669,Kai-4,Kaiugnak,pink salmon,57,,
7/2/2026,669,Kai-4,Kaiugnak,pink salmon,57,,
6/16/2026,659,Laminaria East,Cook,pink salmon,57,,
6/16/2026,659,Laminaria East,Cook,pink salmon,57,,
7/12/2026,689,Bar-3,Baralof,pink salmon,58,,
7/16/2026,699,Fox-1,Fox,pink salmon,58,,
7/2/2026,666,Kai-3,Kaiugnak,pink salmon,58,,
7/21/2026,708,PW-1,Port Wrangell,pink salmon,58,,
7/21/2026,706,PW-2,Port Wrangell,pink salmon,58,,
7/16/2026,696,Fox-4,Fox,pink salmon,59,,
7/21/2026,706,PW-2,Port Wrangell,pink salmon,59,,
7/22/2026,712,AG-5,Agripina,pink salmon,60,,
7/22/2026,715,AG-6,Agripina,pink salmon,60,,
7/16/2026,699,Fox-1,Fox,pink salmon,60,,
7/16/2026,696,Fox-4,Fox,pink salmon,60,,
7/2/2026,666,Kai-3,Kaiugnak,pink salmon,60,,
7/2/2026,666,Kai-3,Kaiugnak,pink salmon,60,,
7/16/2026,696,Fox-4,Fox,pink salmon,61,,
7/16/2026,696,Fox-4,Fox,pink salmon,61,,
7/16/2026,696,Fox-4,Fox,pink salmon,61,,
7/21/2026,707,PW-3,Port Wrangell,pink salmon,61,,
7/22/2026,712,AG-5,Agripina,pink salmon,62,,
6/16/2026,658,Eelgrass West,Cook,pink salmon,62,,
7/2/2026,669,Kai-4,Kaiugnak,pink salmon,62,,
7/22/2026,712,AG-5,Agripina,pink salmon,63,,
7/22/2026,715,AG-6,Agripina,pink salmon,63,,
7/22/2026,715,AG-6,Agripina,pink salmon,63,,
6/16/2026,657,Eelgrass South,Cook,pink salmon,63,,
7/16/2026,696,Fox-4,Fox,pink salmon,63,,
7/2/2026,666,Kai-3,Kaiugnak,pink salmon,63,,
7/2/2026,666,Kai-3,Kaiugnak,pink salmon,63,,
7/2/2026,669,Kai-4,Kaiugnak,pink salmon,63,,
6/16/2026,659,Laminaria East,Cook,pink salmon,63,,
7/21/2026,706,PW-2,Port Wrangell,pink salmon,63,,
7/22/2026,712,AG-5,Agripina,pink salmon,64,,
7/16/2026,700,Fox-2,Fox,pink salmon,64,,
7/16/2026,700,Fox-2,Fox,pink salmon,64,,
7/2/2026,666,Kai-3,Kaiugnak,pink salmon,64,,
7/2/2026,669,Kai-4,Kaiugnak,pink salmon,64,,
6/16/2026,659,Laminaria East,Cook,pink salmon,64,,
7/22/2026,715,AG-6,Agripina,pink salmon,65,,
7/22/2026,715,AG-6,Agripina,pink salmon,65,,
7/12/2026,689,Bar-3,Baralof,pink salmon,65,,
7/9/2026,681,BB-7,Balboa,pink salmon,65,,
7/16/2026,696,Fox-4,Fox,pink salmon,65,,
7/16/2026,696,Fox-4,Fox,pink salmon,65,,
7/9/2026,678,BB-3,Balboa,pink salmon,66,,
7/21/2026,708,PW-1,Port Wrangell,pink salmon,66,,
7/21/2026,706,PW-2,Port Wrangell,pink salmon,66,,
7/21/2026,707,PW-3,Port Wrangell,pink salmon,66,,
7/9/2026,681,BB-7,Balboa,pink salmon,67,,
7/21/2026,708,PW-1,Port Wrangell,pink salmon,67,,
7/21/2026,708,PW-1,Port Wrangell,pink salmon,67,,
7/21/2026,708,PW-1,Port Wrangell,pink salmon,67,,
7/21/2026,706,PW-2,Port Wrangell,pink salmon,67,,
7/21/2026,706,PW-2,Port Wrangell,pink salmon,67,,
7/21/2026,707,PW-3,Port Wrangell,pink salmon,67,,
7/21/2026,707,PW-3,Port Wrangell,pink salmon,67,,
7/22/2026,712,AG-5,Agripina,pink salmon,68,,
7/22/2026,712,AG-5,Agripina,pink salmon,68,,
7/12/2026,691,Bar-1,Baralof,pink salmon,68,,
7/12/2026,689,Bar-3,Baralof,pink salmon,68,,
7/12/2026,689,Bar-3,Baralof,pink salmon,68,,
7/12/2026,689,Bar-3,Baralof,pink salmon,68,,
7/9/2026,679,BB-2,Balboa,pink salmon,68,,
7/21/2026,706,PW-2,Port Wrangell,pink salmon,68,,
7/21/2026,706,PW-2,Port Wrangell,pink salmon,68,,
7/21/2026,706,PW-2,Port Wrangell,pink salmon,68,,
7/21/2026,707,PW-3,Port Wrangell,pink salmon,68,,
7/21/2026,707,PW-3,Port Wrangell,pink salmon,68,,
7/21/2026,707,PW-3,Port Wrangell,pink salmon,68,,
7/12/2026,689,Bar-3,Baralof,pink salmon,69,,
7/9/2026,680,BB-4,Balboa,pink salmon,69,,
7/21/2026,706,PW-2,Port Wrangell,pink salmon,69,,
7/21/2026,706,PW-2,Port Wrangell,pink salmon,69,,
7/22/2026,712,AG-5,Agripina,pink salmon,70,,
7/12/2026,691,Bar-1,Baralof,pink salmon,70,,
7/12/2026,689,Bar-3,Baralof,pink salmon,70,,
6/16/2026,658,Eelgrass West,Cook,pink salmon,70,,
7/21/2026,708,PW-1,Port Wrangell,pink salmon,70,,
7/21/2026,707,PW-3,Port Wrangell,pink salmon,70,,
7/14/2026,694,Sand-3,Sand Point,pink salmon,70,,
7/21/2026,708,PW-1,Port Wrangell,pink salmon,71,,
7/21/2026,706,PW-2,Port Wrangell,pink salmon,71,,
7/21/2026,706,PW-2,Port Wrangell,pink salmon,71,,
7/21/2026,707,PW-3,Port Wrangell,pink salmon,71,,
7/21/2026,707,PW-3,Port Wrangell,pink salmon,71,,
7/21/2026,707,PW-3,Port Wrangell,pink salmon,71,,
7/21/2026,707,PW-3,Port Wrangell,pink salmon,71,,
7/14/2026,694,Sand-3,Sand Point,pink salmon,71,,
7/12/2026,689,Bar-3,Baralof,pink salmon,72,,
7/9/2026,678,BB-3,Balboa,pink salmon,72,,
7/21/2026,708,PW-1,Port Wrangell,pink salmon,72,,
7/21/2026,708,PW-1,Port Wrangell,pink salmon,72,,
7/21/2026,706,PW-2,Port Wrangell,pink salmon,72,,
7/12/2026,691,Bar-1,Baralof,pink salmon,73,,
7/9/2026,678,BB-3,Balboa,pink salmon,73,,
7/16/2026,700,Fox-2,Fox,pink salmon,73,,
7/21/2026,706,PW-2,Port Wrangell,pink salmon,73,,
7/21/2026,706,PW-2,Port Wrangell,pink salmon,73,,
7/21/2026,706,PW-2,Port Wrangell,pink salmon,73,,
7/21/2026,707,PW-3,Port Wrangell,pink salmon,73,,
7/21/2026,707,PW-3,Port Wrangell,pink salmon,73,,
7/21/2026,707,PW-3,Port Wrangell,pink salmon,73,,
7/22/2026,712,AG-5,Agripina,pink salmon,74,,
7/2/2026,667,Kai-6,Kaiugnak,pink salmon,74,,
7/21/2026,706,PW-2,Port Wrangell,pink salmon,74,,
7/21/2026,706,PW-2,Port Wrangell,pink salmon,74,,
7/21/2026,707,PW-3,Port Wrangell,pink salmon,74,,
7/21/2026,707,PW-3,Port Wrangell,pink salmon,74,,
7/14/2026,694,Sand-3,Sand Point,pink salmon,74,,
7/12/2026,689,Bar-3,Baralof,pink salmon,75,,
7/21/2026,706,PW-2,Port Wrangell,pink salmon,75,,
7/21/2026,706,PW-2,Port Wrangell,pink salmon,75,,
7/21/2026,706,PW-2,Port Wrangell,pink salmon,75,,
7/14/2026,694,Sand-3,Sand Point,pink salmon,75,,
7/12/2026,691,Bar-1,Baralof,pink salmon,76,,
7/12/2026,691,Bar-1,Baralof,pink salmon,76,,
6/16/2026,659,Laminaria East,Cook,pink salmon,76,,
7/21/2026,706,PW-2,Port Wrangell,pink salmon,76,,
7/21/2026,706,PW-2,Port Wrangell,pink salmon,76,,
7/21/2026,706,PW-2,Port Wrangell,pink salmon,76,,
7/21/2026,707,PW-3,Port Wrangell,pink salmon,76,,
7/14/2026,694,Sand-3,Sand Point,pink salmon,76,,
7/21/2026,706,PW-2,Port Wrangell,pink salmon,77,,
7/21/2026,706,PW-2,Port Wrangell,pink salmon,77,,
7/14/2026,694,Sand-3,Sand Point,pink salmon,77,,
7/22/2026,712,AG-5,Agripina,pink salmon,78,,
7/21/2026,706,PW-2,Port Wrangell,pink salmon,78,,
7/21/2026,707,PW-3,Port Wrangell,pink salmon,78,,
7/12/2026,691,Bar-1,Baralof,pink salmon,79,,
7/21/2026,708,PW-1,Port Wrangell,pink salmon,79,,
7/21/2026,706,PW-2,Port Wrangell,pink salmon,81,,
7/21/2026,706,PW-2,Port Wrangell,pink salmon,82,,
7/22/2026,712,AG-5,Agripina,pink salmon,83,,
7/4/2026,675,Jap-6,Japanese ,pink salmon,83,,
7/4/2026,675,Jap-6,Japanese ,pink salmon,83,,
7/14/2026,694,Sand-3,Sand Point,pink salmon,83,,
7/21/2026,706,PW-2,Port Wrangell,pink salmon,85,,
7/21/2026,706,PW-2,Port Wrangell,pink salmon,86,,
7/21/2026,706,PW-2,Port Wrangell,pink salmon,87,,
7/21/2026,706,PW-2,Port Wrangell,pink salmon,88,,
7/21/2026,706,PW-2,Port Wrangell,pink salmon,90,,
7/21/2026,706,PW-2,Port Wrangell,pink salmon,91,,
7/21/2026,708,PW-1,Port Wrangell,pink salmon,94,,
7/21/2026,707,PW-3,Port Wrangell,pink salmon,94,,
7/21/2026,706,PW-2,Port Wrangell,pink salmon,95,,
7/14/2026,694,Sand-3,Sand Point,pink salmon,101,,
7/9/2026,678,BB-3,Balboa,rock greenling,67,,
7/2/2026,668,Kai-7,Kaiugnak,saffron cod,30,,
7/12/2026,690,Bar-2,Baralof,saffron cod,32,,
7/4/2026,674,Jap-3,Japanese ,saffron cod,32,,
7/16/2026,698,Fox-3,Fox,saffron cod,34,,
7/2/2026,668,Kai-7,Kaiugnak,saffron cod,34,,
7/2/2026,668,Kai-7,Kaiugnak,saffron cod,35,,
7/2/2026,668,Kai-7,Kaiugnak,saffron cod,35,,
7/2/2026,668,Kai-7,Kaiugnak,saffron cod,35,,
7/2/2026,668,Kai-7,Kaiugnak,saffron cod,35,,
7/2/2026,668,Kai-7,Kaiugnak,saffron cod,35,,
7/9/2026,680,BB-4,Balboa,saffron cod,37,,
7/9/2026,680,BB-4,Balboa,saffron cod,37,,
7/9/2026,680,BB-4,Balboa,saffron cod,38,,
7/9/2026,681,BB-7,Balboa,saffron cod,38,,
7/16/2026,698,Fox-3,Fox,saffron cod,38,,
7/16/2026,697,Fox-5,Fox,saffron cod,38,,
7/4/2026,677,Jap-5,Japanese ,saffron cod,38,,
7/2/2026,668,Kai-7,Kaiugnak,saffron cod,38,,
7/9/2026,680,BB-4,Balboa,saffron cod,39,,
7/9/2026,680,BB-4,Balboa,saffron cod,39,,
7/16/2026,699,Fox-1,Fox,saffron cod,39,,
7/2/2026,668,Kai-7,Kaiugnak,saffron cod,39,,
7/9/2026,680,BB-4,Balboa,saffron cod,40,,
7/16/2026,698,Fox-3,Fox,saffron cod,40,,
7/16/2026,696,Fox-4,Fox,saffron cod,40,,
7/16/2026,696,Fox-4,Fox,saffron cod,40,,
7/2/2026,667,Kai-6,Kaiugnak,saffron cod,40,,
7/2/2026,668,Kai-7,Kaiugnak,saffron cod,40,,
7/9/2026,678,BB-3,Balboa,saffron cod,41,,
7/9/2026,681,BB-7,Balboa,saffron cod,41,,
7/16/2026,699,Fox-1,Fox,saffron cod,41,,
7/16/2026,700,Fox-2,Fox,saffron cod,41,,
7/16/2026,697,Fox-5,Fox,saffron cod,41,,
7/2/2026,667,Kai-6,Kaiugnak,saffron cod,41,,
7/2/2026,667,Kai-6,Kaiugnak,saffron cod,41,,
7/2/2026,667,Kai-6,Kaiugnak,saffron cod,41,,
7/2/2026,667,Kai-6,Kaiugnak,saffron cod,41,,
7/2/2026,667,Kai-6,Kaiugnak,saffron cod,41,,
7/21/2026,706,PW-2,Port Wrangell,saffron cod,41,,
7/9/2026,680,BB-4,Balboa,saffron cod,42,,
7/9/2026,680,BB-4,Balboa,saffron cod,42,,
7/9/2026,680,BB-4,Balboa,saffron cod,42,,
7/16/2026,696,Fox-4,Fox,saffron cod,42,,
7/16/2026,697,Fox-5,Fox,saffron cod,42,,
7/4/2026,677,Jap-5,Japanese ,saffron cod,42,,
7/4/2026,677,Jap-5,Japanese ,saffron cod,42,,
7/4/2026,677,Jap-5,Japanese ,saffron cod,42,,
7/9/2026,680,BB-4,Balboa,saffron cod,43,,
7/9/2026,681,BB-7,Balboa,saffron cod,43,,
7/2/2026,670,Kai-1,Kaiugnak,saffron cod,43,,
7/2/2026,667,Kai-6,Kaiugnak,saffron cod,43,,
7/2/2026,667,Kai-6,Kaiugnak,saffron cod,43,,
7/2/2026,667,Kai-6,Kaiugnak,saffron cod,43,,
7/2/2026,668,Kai-7,Kaiugnak,saffron cod,43,,
7/2/2026,668,Kai-7,Kaiugnak,saffron cod,43,,
7/12/2026,688,Bar-4,Baralof,saffron cod,44,,
7/16/2026,697,Fox-5,Fox,saffron cod,44,,
7/9/2026,680,BB-4,Balboa,saffron cod,45,,
7/9/2026,680,BB-4,Balboa,saffron cod,45,,
7/16/2026,699,Fox-1,Fox,saffron cod,45,,
7/16/2026,699,Fox-1,Fox,saffron cod,45,,
7/16/2026,698,Fox-3,Fox,saffron cod,45,,
7/16/2026,696,Fox-4,Fox,saffron cod,45,,
7/4/2026,675,Jap-6,Japanese ,saffron cod,45,,
7/2/2026,667,Kai-6,Kaiugnak,saffron cod,45,,
7/12/2026,690,Bar-2,Baralof,saffron cod,46,,
7/9/2026,680,BB-4,Balboa,saffron cod,46,,
7/16/2026,697,Fox-5,Fox,saffron cod,46,,
7/4/2026,672,Jap-7,Japanese ,saffron cod,46,,
7/4/2026,672,Jap-7,Japanese ,saffron cod,46,,
7/2/2026,668,Kai-7,Kaiugnak,saffron cod,46,,
7/16/2026,699,Fox-1,Fox,saffron cod,47,,
7/16/2026,697,Fox-5,Fox,saffron cod,47,,
7/16/2026,697,Fox-5,Fox,saffron cod,47,,
7/16/2026,697,Fox-5,Fox,saffron cod,47,,
7/16/2026,697,Fox-5,Fox,saffron cod,47,,
7/16/2026,697,Fox-5,Fox,saffron cod,47,,
7/4/2026,677,Jap-5,Japanese ,saffron cod,47,,
7/4/2026,677,Jap-5,Japanese ,saffron cod,47,,
7/2/2026,667,Kai-6,Kaiugnak,saffron cod,47,,
7/2/2026,667,Kai-6,Kaiugnak,saffron cod,47,,
7/2/2026,667,Kai-6,Kaiugnak,saffron cod,47,,
7/2/2026,667,Kai-6,Kaiugnak,saffron cod,47,,
7/2/2026,667,Kai-6,Kaiugnak,saffron cod,47,,
7/2/2026,668,Kai-7,Kaiugnak,saffron cod,47,,
7/16/2026,696,Fox-4,Fox,saffron cod,48,,
7/16/2026,697,Fox-5,Fox,saffron cod,48,,
7/16/2026,697,Fox-5,Fox,saffron cod,48,,
6/30/2026,664,Kil-6,Kiliuda,saffron cod,48,,
7/16/2026,699,Fox-1,Fox,saffron cod,49,,
7/16/2026,696,Fox-4,Fox,saffron cod,49,,
7/16/2026,696,Fox-4,Fox,saffron cod,49,,
7/16/2026,696,Fox-4,Fox,saffron cod,49,,
7/4/2026,676,Jap-1,Japanese ,saffron cod,49,,
7/4/2026,676,Jap-1,Japanese ,saffron cod,49,,
7/4/2026,673,Jap-2,Japanese ,saffron cod,49,,
7/4/2026,672,Jap-7,Japanese ,saffron cod,49,,
7/16/2026,696,Fox-4,Fox,saffron cod,50,,
7/16/2026,696,Fox-4,Fox,saffron cod,50,,
7/16/2026,696,Fox-4,Fox,saffron cod,50,,
7/16/2026,697,Fox-5,Fox,saffron cod,50,,
7/4/2026,676,Jap-1,Japanese ,saffron cod,50,,
7/16/2026,699,Fox-1,Fox,saffron cod,51,,
7/16/2026,699,Fox-1,Fox,saffron cod,51,,
7/4/2026,674,Jap-3,Japanese ,saffron cod,51,,
7/2/2026,667,Kai-6,Kaiugnak,saffron cod,51,,
7/2/2026,667,Kai-6,Kaiugnak,saffron cod,51,,
7/21/2026,709,PW-4,Port Wrangell,saffron cod,51,,
7/22/2026,713,AG-3,Agripina,saffron cod,52,,
7/16/2026,697,Fox-5,Fox,saffron cod,52,,
7/16/2026,697,Fox-5,Fox,saffron cod,52,,
7/16/2026,699,Fox-1,Fox,saffron cod,53,,
7/16/2026,697,Fox-5,Fox,saffron cod,53,,
7/4/2026,673,Jap-2,Japanese ,saffron cod,53,,
7/2/2026,668,Kai-7,Kaiugnak,saffron cod,54,,
7/4/2026,677,Jap-5,Japanese ,saffron cod,56,,
7/4/2026,672,Jap-7,Japanese ,saffron cod,58,,
7/4/2026,674,Jap-3,Japanese ,saffron cod,66,,
7/4/2026,677,Jap-5,Japanese ,saffron cod,68,,
6/16/2026,657,Eelgrass South,Cook,saffron cod,398,,
7/11/2026,686,Fal-2,Falmouth,sand sole,63,,
7/11/2026,686,Fal-2,Falmouth,sand sole,91,,
7/11/2026,686,Fal-2,Falmouth,starry flounder,55,,
7/12/2026,691,Bar-1,Baralof,starry flounder,56,,
7/11/2026,686,Fal-2,Falmouth,starry flounder,92,,
7/11/2026,686,Fal-2,Falmouth,starry flounder,181,,
7/11/2026,686,Fal-2,Falmouth,starry flounder,224,,
6/16/2026,656,Laminaria South,Cook,walleye pollock,13,,
6/16/2026,656,Laminaria South,Cook,walleye pollock,15,,
6/16/2026,658,Eelgrass West,Cook,walleye pollock,18,,
6/16/2026,657,Eelgrass South,Cook,walleye pollock,20,,
6/16/2026,657,Eelgrass South,Cook,walleye pollock,20,,
6/16/2026,658,Eelgrass West,Cook,walleye pollock,20,,
6/16/2026,656,Laminaria South,Cook,walleye pollock,20,,
6/16/2026,659,Laminaria East,Cook,walleye pollock,20,,
7/12/2026,689,Bar-3,Baralof,walleye pollock,21,,
6/16/2026,657,Eelgrass South,Cook,walleye pollock,21,,
6/16/2026,657,Eelgrass South,Cook,walleye pollock,21,,
6/16/2026,658,Eelgrass West,Cook,walleye pollock,21,,
7/14/2026,695,Sand-2,Sand Point,walleye pollock,21,,
7/9/2026,678,BB-3,Balboa,walleye pollock,22,,
7/9/2026,681,BB-7,Balboa,walleye pollock,22,,
6/16/2026,657,Eelgrass South,Cook,walleye pollock,22,,
6/16/2026,657,Eelgrass South,Cook,walleye pollock,22,,
6/16/2026,658,Eelgrass West,Cook,walleye pollock,22,,
6/16/2026,658,Eelgrass West,Cook,walleye pollock,22,,
6/16/2026,656,Laminaria South,Cook,walleye pollock,22,,
6/16/2026,656,Laminaria South,Cook,walleye pollock,22,,
6/16/2026,656,Laminaria South,Cook,walleye pollock,22,,
6/16/2026,656,Laminaria South,Cook,walleye pollock,22,,
7/14/2026,695,Sand-2,Sand Point,walleye pollock,22,,
7/14/2026,695,Sand-2,Sand Point,walleye pollock,22,,
7/14/2026,695,Sand-2,Sand Point,walleye pollock,22,,
6/16/2026,657,Eelgrass South,Cook,walleye pollock,23,,
6/16/2026,657,Eelgrass South,Cook,walleye pollock,23,,
6/16/2026,658,Eelgrass West,Cook,walleye pollock,23,,
6/16/2026,656,Laminaria South,Cook,walleye pollock,23,,
6/16/2026,656,Laminaria South,Cook,walleye pollock,23,,
7/14/2026,695,Sand-2,Sand Point,walleye pollock,23,,
7/12/2026,688,Bar-4,Baralof,walleye pollock,24,,
7/9/2026,679,BB-2,Balboa,walleye pollock,24,,
7/9/2026,680,BB-4,Balboa,walleye pollock,24,,
7/9/2026,681,BB-7,Balboa,walleye pollock,24,,
6/16/2026,657,Eelgrass South,Cook,walleye pollock,24,,
6/16/2026,658,Eelgrass West,Cook,walleye pollock,24,,
6/16/2026,658,Eelgrass West,Cook,walleye pollock,24,,
6/16/2026,658,Eelgrass West,Cook,walleye pollock,24,,
6/16/2026,656,Laminaria South,Cook,walleye pollock,24,,
7/14/2026,695,Sand-2,Sand Point,walleye pollock,24,,
7/14/2026,695,Sand-2,Sand Point,walleye pollock,24,,
7/14/2026,694,Sand-3,Sand Point,walleye pollock,24,,
7/12/2026,688,Bar-4,Baralof,walleye pollock,25,,
7/9/2026,680,BB-4,Balboa,walleye pollock,25,,
7/9/2026,681,BB-7,Balboa,walleye pollock,25,,
7/9/2026,681,BB-7,Balboa,walleye pollock,25,,
7/9/2026,681,BB-7,Balboa,walleye pollock,25,,
6/16/2026,657,Eelgrass South,Cook,walleye pollock,25,,
6/16/2026,657,Eelgrass South,Cook,walleye pollock,25,,
6/16/2026,657,Eelgrass South,Cook,walleye pollock,25,,
6/16/2026,657,Eelgrass South,Cook,walleye pollock,25,,
6/16/2026,658,Eelgrass West,Cook,walleye pollock,25,,
6/30/2026,665,Kil-5,Kiliuda,walleye pollock,25,,
6/30/2026,665,Kil-5,Kiliuda,walleye pollock,25,,
6/30/2026,664,Kil-6,Kiliuda,walleye pollock,25,,
6/16/2026,656,Laminaria South,Cook,walleye pollock,25,,
6/16/2026,659,Laminaria East,Cook,walleye pollock,25,,
6/16/2026,659,Laminaria East,Cook,walleye pollock,25,,
7/14/2026,694,Sand-3,Sand Point,walleye pollock,25,,
7/12/2026,689,Bar-3,Baralof,walleye pollock,26,,
7/9/2026,679,BB-2,Balboa,walleye pollock,26,,
7/9/2026,678,BB-3,Balboa,walleye pollock,26,,
7/9/2026,680,BB-4,Balboa,walleye pollock,26,,
7/9/2026,680,BB-4,Balboa,walleye pollock,26,,
6/16/2026,657,Eelgrass South,Cook,walleye pollock,26,,
6/16/2026,658,Eelgrass West,Cook,walleye pollock,26,,
7/11/2026,682,Fal-5,Falmouth,walleye pollock,26,,
7/11/2026,682,Fal-5,Falmouth,walleye pollock,26,,
6/30/2026,660,Kil-1,Kiliuda,walleye pollock,26,,
6/30/2026,662,Kil-3,Kiliuda,walleye pollock,26,,
6/30/2026,665,Kil-5,Kiliuda,walleye pollock,26,,
6/16/2026,656,Laminaria South,Cook,walleye pollock,26,,
6/16/2026,656,Laminaria South,Cook,walleye pollock,26,,
6/16/2026,656,Laminaria South,Cook,walleye pollock,26,,
6/16/2026,659,Laminaria East,Cook,walleye pollock,26,,
6/16/2026,659,Laminaria East,Cook,walleye pollock,26,,
6/16/2026,659,Laminaria East,Cook,walleye pollock,26,,
7/14/2026,695,Sand-2,Sand Point,walleye pollock,26,,
7/12/2026,688,Bar-4,Baralof,walleye pollock,27,,
7/12/2026,687,Bar-5,Baralof,walleye pollock,27,,
7/12/2026,687,Bar-5,Baralof,walleye pollock,27,,
7/9/2026,681,BB-7,Balboa,walleye pollock,27,,
6/16/2026,657,Eelgrass South,Cook,walleye pollock,27,,
6/16/2026,658,Eelgrass West,Cook,walleye pollock,27,,
7/16/2026,699,Fox-1,Fox,walleye pollock,27,,
6/30/2026,665,Kil-5,Kiliuda,walleye pollock,27,,
6/30/2026,664,Kil-6,Kiliuda,walleye pollock,27,,
6/16/2026,659,Laminaria East,Cook,walleye pollock,27,,
6/16/2026,659,Laminaria East,Cook,walleye pollock,27,,
6/16/2026,659,Laminaria East,Cook,walleye pollock,27,,
7/14/2026,695,Sand-2,Sand Point,walleye pollock,27,,
7/14/2026,695,Sand-2,Sand Point,walleye pollock,27,,
7/14/2026,694,Sand-3,Sand Point,walleye pollock,27,,
7/9/2026,680,BB-4,Balboa,walleye pollock,28,,
7/9/2026,680,BB-4,Balboa,walleye pollock,28,,
7/9/2026,680,BB-4,Balboa,walleye pollock,28,,
7/9/2026,680,BB-4,Balboa,walleye pollock,28,,
7/9/2026,681,BB-7,Balboa,walleye pollock,28,,
7/9/2026,681,BB-7,Balboa,walleye pollock,28,,
7/9/2026,681,BB-7,Balboa,walleye pollock,28,,
6/16/2026,657,Eelgrass South,Cook,walleye pollock,28,,
6/16/2026,657,Eelgrass South,Cook,walleye pollock,28,,
6/16/2026,658,Eelgrass West,Cook,walleye pollock,28,,
6/16/2026,658,Eelgrass West,Cook,walleye pollock,28,,
7/16/2026,699,Fox-1,Fox,walleye pollock,28,,
7/16/2026,699,Fox-1,Fox,walleye pollock,28,,
7/4/2026,672,Jap-7,Japanese ,walleye pollock,28,,
6/30/2026,661,Kil-2,Kiliuda,walleye pollock,28,,
6/30/2026,662,Kil-3,Kiliuda,walleye pollock,28,,
6/30/2026,663,Kil-4,Kiliuda,walleye pollock,28,,
6/30/2026,663,Kil-4,Kiliuda,walleye pollock,28,,
6/30/2026,665,Kil-5,Kiliuda,walleye pollock,28,,
6/30/2026,665,Kil-5,Kiliuda,walleye pollock,28,,
6/30/2026,665,Kil-5,Kiliuda,walleye pollock,28,,
6/30/2026,665,Kil-5,Kiliuda,walleye pollock,28,,
6/30/2026,665,Kil-5,Kiliuda,walleye pollock,28,,
6/16/2026,659,Laminaria East,Cook,walleye pollock,28,,
7/14/2026,695,Sand-2,Sand Point,walleye pollock,28,,
7/14/2026,695,Sand-2,Sand Point,walleye pollock,28,,
7/14/2026,695,Sand-2,Sand Point,walleye pollock,28,,
7/14/2026,695,Sand-2,Sand Point,walleye pollock,28,,
7/11/2026,682,Fal-5,Falmouth,walleye pollock,29,,
7/11/2026,682,Fal-5,Falmouth,walleye pollock,29,,
6/30/2026,662,Kil-3,Kiliuda,walleye pollock,29,,
6/30/2026,665,Kil-5,Kiliuda,walleye pollock,29,,
6/30/2026,665,Kil-5,Kiliuda,walleye pollock,29,,
6/16/2026,656,Laminaria South,Cook,walleye pollock,29,,
6/16/2026,659,Laminaria East,Cook,walleye pollock,29,,
6/16/2026,659,Laminaria East,Cook,walleye pollock,29,,
7/14/2026,694,Sand-3,Sand Point,walleye pollock,29,,
7/12/2026,689,Bar-3,Baralof,walleye pollock,30,,
7/12/2026,689,Bar-3,Baralof,walleye pollock,30,,
7/12/2026,687,Bar-5,Baralof,walleye pollock,30,,
7/12/2026,687,Bar-5,Baralof,walleye pollock,30,,
7/9/2026,679,BB-2,Balboa,walleye pollock,30,,
7/9/2026,678,BB-3,Balboa,walleye pollock,30,,
7/9/2026,680,BB-4,Balboa,walleye pollock,30,,
7/9/2026,680,BB-4,Balboa,walleye pollock,30,,
7/9/2026,681,BB-7,Balboa,walleye pollock,30,,
6/16/2026,657,Eelgrass South,Cook,walleye pollock,30,,
6/16/2026,658,Eelgrass West,Cook,walleye pollock,30,,
6/16/2026,658,Eelgrass West,Cook,walleye pollock,30,,
6/16/2026,658,Eelgrass West,Cook,walleye pollock,30,,
7/11/2026,683,Fal-1,Falmouth,walleye pollock,30,,
7/11/2026,683,Fal-1,Falmouth,walleye pollock,30,,
7/11/2026,682,Fal-5,Falmouth,walleye pollock,30,,
7/16/2026,699,Fox-1,Fox,walleye pollock,30,,
7/16/2026,699,Fox-1,Fox,walleye pollock,30,,
7/16/2026,700,Fox-2,Fox,walleye pollock,30,,
7/16/2026,698,Fox-3,Fox,walleye pollock,30,,
7/16/2026,698,Fox-3,Fox,walleye pollock,30,,
7/2/2026,668,Kai-7,Kaiugnak,walleye pollock,30,,
6/30/2026,661,Kil-2,Kiliuda,walleye pollock,30,,
6/30/2026,661,Kil-2,Kiliuda,walleye pollock,30,,
6/16/2026,656,Laminaria South,Cook,walleye pollock,30,,
6/16/2026,659,Laminaria East,Cook,walleye pollock,30,,
6/16/2026,659,Laminaria East,Cook,walleye pollock,30,,
7/14/2026,695,Sand-2,Sand Point,walleye pollock,30,,
7/14/2026,695,Sand-2,Sand Point,walleye pollock,30,,
7/12/2026,688,Bar-4,Baralof,walleye pollock,31,,
7/12/2026,688,Bar-4,Baralof,walleye pollock,31,,
7/12/2026,687,Bar-5,Baralof,walleye pollock,31,,
7/9/2026,679,BB-2,Balboa,walleye pollock,31,,
7/9/2026,680,BB-4,Balboa,walleye pollock,31,,
7/9/2026,681,BB-7,Balboa,walleye pollock,31,,
7/9/2026,681,BB-7,Balboa,walleye pollock,31,,
7/9/2026,681,BB-7,Balboa,walleye pollock,31,,
7/9/2026,681,BB-7,Balboa,walleye pollock,31,,
7/11/2026,683,Fal-1,Falmouth,walleye pollock,31,,
7/11/2026,683,Fal-1,Falmouth,walleye pollock,31,,
7/11/2026,682,Fal-5,Falmouth,walleye pollock,31,,
7/11/2026,682,Fal-5,Falmouth,walleye pollock,31,,
7/11/2026,682,Fal-5,Falmouth,walleye pollock,31,,
7/11/2026,682,Fal-5,Falmouth,walleye pollock,31,,
7/11/2026,682,Fal-5,Falmouth,walleye pollock,31,,
7/2/2026,668,Kai-7,Kaiugnak,walleye pollock,31,,
6/30/2026,661,Kil-2,Kiliuda,walleye pollock,31,,
6/30/2026,663,Kil-4,Kiliuda,walleye pollock,31,,
6/30/2026,663,Kil-4,Kiliuda,walleye pollock,31,,
6/30/2026,665,Kil-5,Kiliuda,walleye pollock,31,,
6/16/2026,656,Laminaria South,Cook,walleye pollock,31,,
6/16/2026,659,Laminaria East,Cook,walleye pollock,31,,
6/16/2026,659,Laminaria East,Cook,walleye pollock,31,,
6/16/2026,659,Laminaria East,Cook,walleye pollock,31,,
7/18/2026,702,Mit-3,Mitrofania,walleye pollock,31,,
7/14/2026,695,Sand-2,Sand Point,walleye pollock,31,,
7/12/2026,689,Bar-3,Baralof,walleye pollock,32,,
7/12/2026,688,Bar-4,Baralof,walleye pollock,32,,
7/12/2026,687,Bar-5,Baralof,walleye pollock,32,,
7/12/2026,687,Bar-5,Baralof,walleye pollock,32,,
7/9/2026,679,BB-2,Balboa,walleye pollock,32,,
7/9/2026,678,BB-3,Balboa,walleye pollock,32,,
7/9/2026,678,BB-3,Balboa,walleye pollock,32,,
7/9/2026,678,BB-3,Balboa,walleye pollock,32,,
6/16/2026,657,Eelgrass South,Cook,walleye pollock,32,,
7/11/2026,683,Fal-1,Falmouth,walleye pollock,32,,
7/11/2026,683,Fal-1,Falmouth,walleye pollock,32,,
7/11/2026,683,Fal-1,Falmouth,walleye pollock,32,,
7/11/2026,685,Fal-3,Falmouth,walleye pollock,32,,
7/11/2026,682,Fal-5,Falmouth,walleye pollock,32,,
7/16/2026,699,Fox-1,Fox,walleye pollock,32,,
7/16/2026,699,Fox-1,Fox,walleye pollock,32,,
6/30/2026,661,Kil-2,Kiliuda,walleye pollock,32,,
6/30/2026,661,Kil-2,Kiliuda,walleye pollock,32,,
6/30/2026,662,Kil-3,Kiliuda,walleye pollock,32,,
6/30/2026,663,Kil-4,Kiliuda,walleye pollock,32,,
6/30/2026,663,Kil-4,Kiliuda,walleye pollock,32,,
6/16/2026,656,Laminaria South,Cook,walleye pollock,32,,
6/16/2026,656,Laminaria South,Cook,walleye pollock,32,,
6/16/2026,659,Laminaria East,Cook,walleye pollock,32,,
6/16/2026,659,Laminaria East,Cook,walleye pollock,32,,
7/14/2026,695,Sand-2,Sand Point,walleye pollock,32,,
7/14/2026,694,Sand-3,Sand Point,walleye pollock,32,,
7/12/2026,688,Bar-4,Baralof,walleye pollock,33,,
7/9/2026,680,BB-4,Balboa,walleye pollock,33,,
7/9/2026,681,BB-7,Balboa,walleye pollock,33,,
6/16/2026,657,Eelgrass South,Cook,walleye pollock,33,,
6/16/2026,658,Eelgrass West,Cook,walleye pollock,33,,
7/11/2026,685,Fal-3,Falmouth,walleye pollock,33,,
7/11/2026,684,Fal-4,Falmouth,walleye pollock,33,,
7/11/2026,682,Fal-5,Falmouth,walleye pollock,33,,
7/11/2026,682,Fal-5,Falmouth,walleye pollock,33,,
7/16/2026,699,Fox-1,Fox,walleye pollock,33,,
6/30/2026,661,Kil-2,Kiliuda,walleye pollock,33,,
6/30/2026,662,Kil-3,Kiliuda,walleye pollock,33,,
6/30/2026,663,Kil-4,Kiliuda,walleye pollock,33,,
6/30/2026,665,Kil-5,Kiliuda,walleye pollock,33,,
7/14/2026,695,Sand-2,Sand Point,walleye pollock,33,,
7/14/2026,694,Sand-3,Sand Point,walleye pollock,33,,
7/14/2026,694,Sand-3,Sand Point,walleye pollock,33,,
7/14/2026,694,Sand-3,Sand Point,walleye pollock,33,,
7/14/2026,694,Sand-3,Sand Point,walleye pollock,33,,
7/22/2026,713,AG-3,Agripina,walleye pollock,34,,
7/9/2026,679,BB-2,Balboa,walleye pollock,34,,
7/9/2026,678,BB-3,Balboa,walleye pollock,34,,
7/9/2026,680,BB-4,Balboa,walleye pollock,34,,
7/11/2026,683,Fal-1,Falmouth,walleye pollock,34,,
7/11/2026,684,Fal-4,Falmouth,walleye pollock,34,,
7/11/2026,682,Fal-5,Falmouth,walleye pollock,34,,
7/16/2026,699,Fox-1,Fox,walleye pollock,34,,
7/16/2026,699,Fox-1,Fox,walleye pollock,34,,
7/16/2026,699,Fox-1,Fox,walleye pollock,34,,
7/16/2026,700,Fox-2,Fox,walleye pollock,34,,
7/4/2026,675,Jap-6,Japanese ,walleye pollock,34,,
7/4/2026,672,Jap-7,Japanese ,walleye pollock,34,,
7/2/2026,666,Kai-3,Kaiugnak,walleye pollock,34,,
7/2/2026,668,Kai-7,Kaiugnak,walleye pollock,34,,
7/2/2026,668,Kai-7,Kaiugnak,walleye pollock,34,,
7/2/2026,668,Kai-7,Kaiugnak,walleye pollock,34,,
6/30/2026,660,Kil-1,Kiliuda,walleye pollock,34,,
6/30/2026,662,Kil-3,Kiliuda,walleye pollock,34,,
6/30/2026,663,Kil-4,Kiliuda,walleye pollock,34,,
6/30/2026,663,Kil-4,Kiliuda,walleye pollock,34,,
6/30/2026,665,Kil-5,Kiliuda,walleye pollock,34,,
6/30/2026,665,Kil-5,Kiliuda,walleye pollock,34,,
6/30/2026,665,Kil-5,Kiliuda,walleye pollock,34,,
6/30/2026,665,Kil-5,Kiliuda,walleye pollock,34,,
6/30/2026,664,Kil-6,Kiliuda,walleye pollock,34,,
6/30/2026,664,Kil-6,Kiliuda,walleye pollock,34,,
6/16/2026,659,Laminaria East,Cook,walleye pollock,34,,
7/12/2026,691,Bar-1,Baralof,walleye pollock,35,,
7/9/2026,679,BB-2,Balboa,walleye pollock,35,,
7/9/2026,679,BB-2,Balboa,walleye pollock,35,,
7/9/2026,679,BB-2,Balboa,walleye pollock,35,,
7/9/2026,678,BB-3,Balboa,walleye pollock,35,,
7/9/2026,678,BB-3,Balboa,walleye pollock,35,,
7/9/2026,678,BB-3,Balboa,walleye pollock,35,,
7/9/2026,678,BB-3,Balboa,walleye pollock,35,,
7/9/2026,678,BB-3,Balboa,walleye pollock,35,,
7/9/2026,680,BB-4,Balboa,walleye pollock,35,,
7/11/2026,683,Fal-1,Falmouth,walleye pollock,35,,
7/11/2026,683,Fal-1,Falmouth,walleye pollock,35,,
7/11/2026,685,Fal-3,Falmouth,walleye pollock,35,,
7/11/2026,684,Fal-4,Falmouth,walleye pollock,35,,
7/11/2026,684,Fal-4,Falmouth,walleye pollock,35,,
7/11/2026,682,Fal-5,Falmouth,walleye pollock,35,,
7/16/2026,700,Fox-2,Fox,walleye pollock,35,,
7/16/2026,700,Fox-2,Fox,walleye pollock,35,,
7/16/2026,698,Fox-3,Fox,walleye pollock,35,,
7/4/2026,673,Jap-2,Japanese ,walleye pollock,35,,
7/4/2026,677,Jap-5,Japanese ,walleye pollock,35,,
7/2/2026,668,Kai-7,Kaiugnak,walleye pollock,35,,
6/30/2026,660,Kil-1,Kiliuda,walleye pollock,35,,
6/30/2026,660,Kil-1,Kiliuda,walleye pollock,35,,
6/30/2026,661,Kil-2,Kiliuda,walleye pollock,35,,
6/30/2026,661,Kil-2,Kiliuda,walleye pollock,35,,
6/30/2026,661,Kil-2,Kiliuda,walleye pollock,35,,
6/30/2026,661,Kil-2,Kiliuda,walleye pollock,35,,
6/30/2026,662,Kil-3,Kiliuda,walleye pollock,35,,
6/30/2026,662,Kil-3,Kiliuda,walleye pollock,35,,
6/30/2026,662,Kil-3,Kiliuda,walleye pollock,35,,
6/30/2026,662,Kil-3,Kiliuda,walleye pollock,35,,
6/30/2026,663,Kil-4,Kiliuda,walleye pollock,35,,
6/30/2026,663,Kil-4,Kiliuda,walleye pollock,35,,
6/30/2026,665,Kil-5,Kiliuda,walleye pollock,35,,
6/16/2026,659,Laminaria East,Cook,walleye pollock,35,,
7/18/2026,701,Mit-5,Mitrofania,walleye pollock,35,,
7/18/2026,705,Mit-6,Mitrofania,walleye pollock,35,,
7/14/2026,694,Sand-3,Sand Point,walleye pollock,35,,
7/12/2026,689,Bar-3,Baralof,walleye pollock,36,,
7/12/2026,687,Bar-5,Baralof,walleye pollock,36,,
7/9/2026,679,BB-2,Balboa,walleye pollock,36,,
7/9/2026,678,BB-3,Balboa,walleye pollock,36,,
7/9/2026,678,BB-3,Balboa,walleye pollock,36,,
7/9/2026,678,BB-3,Balboa,walleye pollock,36,,
7/9/2026,678,BB-3,Balboa,walleye pollock,36,,
7/9/2026,678,BB-3,Balboa,walleye pollock,36,,
7/9/2026,680,BB-4,Balboa,walleye pollock,36,,
7/9/2026,680,BB-4,Balboa,walleye pollock,36,,
7/9/2026,680,BB-4,Balboa,walleye pollock,36,,
7/9/2026,681,BB-7,Balboa,walleye pollock,36,,
7/11/2026,685,Fal-3,Falmouth,walleye pollock,36,,
7/11/2026,685,Fal-3,Falmouth,walleye pollock,36,,
7/11/2026,685,Fal-3,Falmouth,walleye pollock,36,,
7/16/2026,697,Fox-5,Fox,walleye pollock,36,,
7/4/2026,674,Jap-3,Japanese ,walleye pollock,36,,
7/4/2026,674,Jap-3,Japanese ,walleye pollock,36,,
7/2/2026,667,Kai-6,Kaiugnak,walleye pollock,36,,
6/30/2026,661,Kil-2,Kiliuda,walleye pollock,36,,
6/30/2026,663,Kil-4,Kiliuda,walleye pollock,36,,
6/30/2026,664,Kil-6,Kiliuda,walleye pollock,36,,
7/14/2026,694,Sand-3,Sand Point,walleye pollock,36,,
7/12/2026,689,Bar-3,Baralof,walleye pollock,37,,
7/9/2026,680,BB-4,Balboa,walleye pollock,37,,
7/9/2026,680,BB-4,Balboa,walleye pollock,37,,
6/16/2026,657,Eelgrass South,Cook,walleye pollock,37,,
7/11/2026,683,Fal-1,Falmouth,walleye pollock,37,,
7/11/2026,685,Fal-3,Falmouth,walleye pollock,37,,
7/11/2026,685,Fal-3,Falmouth,walleye pollock,37,,
7/11/2026,682,Fal-5,Falmouth,walleye pollock,37,,
7/16/2026,699,Fox-1,Fox,walleye pollock,37,,
7/16/2026,700,Fox-2,Fox,walleye pollock,37,,
7/16/2026,698,Fox-3,Fox,walleye pollock,37,,
7/4/2026,674,Jap-3,Japanese ,walleye pollock,37,,
7/4/2026,677,Jap-5,Japanese ,walleye pollock,37,,
6/30/2026,660,Kil-1,Kiliuda,walleye pollock,37,,
6/30/2026,660,Kil-1,Kiliuda,walleye pollock,37,,
6/30/2026,661,Kil-2,Kiliuda,walleye pollock,37,,
6/30/2026,662,Kil-3,Kiliuda,walleye pollock,37,,
6/30/2026,662,Kil-3,Kiliuda,walleye pollock,37,,
6/30/2026,662,Kil-3,Kiliuda,walleye pollock,37,,
6/30/2026,662,Kil-3,Kiliuda,walleye pollock,37,,
6/30/2026,665,Kil-5,Kiliuda,walleye pollock,37,,
6/16/2026,659,Laminaria East,Cook,walleye pollock,37,,
7/22/2026,711,AG-2,Agripina,walleye pollock,38,,
7/9/2026,679,BB-2,Balboa,walleye pollock,38,,
7/9/2026,678,BB-3,Balboa,walleye pollock,38,,
6/16/2026,657,Eelgrass South,Cook,walleye pollock,38,,
7/11/2026,685,Fal-3,Falmouth,walleye pollock,38,,
7/11/2026,685,Fal-3,Falmouth,walleye pollock,38,,
7/11/2026,685,Fal-3,Falmouth,walleye pollock,38,,
7/11/2026,685,Fal-3,Falmouth,walleye pollock,38,,
7/11/2026,682,Fal-5,Falmouth,walleye pollock,38,,
7/11/2026,682,Fal-5,Falmouth,walleye pollock,38,,
7/11/2026,682,Fal-5,Falmouth,walleye pollock,38,,
7/16/2026,699,Fox-1,Fox,walleye pollock,38,,
7/16/2026,700,Fox-2,Fox,walleye pollock,38,,
7/16/2026,700,Fox-2,Fox,walleye pollock,38,,
7/16/2026,698,Fox-3,Fox,walleye pollock,38,,
7/4/2026,674,Jap-3,Japanese ,walleye pollock,38,,
7/4/2026,674,Jap-3,Japanese ,walleye pollock,38,,
7/4/2026,674,Jap-3,Japanese ,walleye pollock,38,,
7/4/2026,677,Jap-5,Japanese ,walleye pollock,38,,
7/4/2026,675,Jap-6,Japanese ,walleye pollock,38,,
7/2/2026,667,Kai-6,Kaiugnak,walleye pollock,38,,
7/2/2026,668,Kai-7,Kaiugnak,walleye pollock,38,,
7/2/2026,668,Kai-7,Kaiugnak,walleye pollock,38,,
6/30/2026,660,Kil-1,Kiliuda,walleye pollock,38,,
6/30/2026,660,Kil-1,Kiliuda,walleye pollock,38,,
6/30/2026,660,Kil-1,Kiliuda,walleye pollock,38,,
6/30/2026,661,Kil-2,Kiliuda,walleye pollock,38,,
6/30/2026,661,Kil-2,Kiliuda,walleye pollock,38,,
6/30/2026,663,Kil-4,Kiliuda,walleye pollock,38,,
6/30/2026,663,Kil-4,Kiliuda,walleye pollock,38,,
6/30/2026,663,Kil-4,Kiliuda,walleye pollock,38,,
6/30/2026,663,Kil-4,Kiliuda,walleye pollock,38,,
6/30/2026,663,Kil-4,Kiliuda,walleye pollock,38,,
6/30/2026,665,Kil-5,Kiliuda,walleye pollock,38,,
6/30/2026,665,Kil-5,Kiliuda,walleye pollock,38,,
6/30/2026,664,Kil-6,Kiliuda,walleye pollock,38,,
7/18/2026,701,Mit-5,Mitrofania,walleye pollock,38,,
7/18/2026,705,Mit-6,Mitrofania,walleye pollock,38,,
7/12/2026,687,Bar-5,Baralof,walleye pollock,39,,
7/12/2026,687,Bar-5,Baralof,walleye pollock,39,,
7/9/2026,679,BB-2,Balboa,walleye pollock,39,,
7/9/2026,678,BB-3,Balboa,walleye pollock,39,,
7/11/2026,685,Fal-3,Falmouth,walleye pollock,39,,
7/11/2026,682,Fal-5,Falmouth,walleye pollock,39,,
7/16/2026,698,Fox-3,Fox,walleye pollock,39,,
7/4/2026,675,Jap-6,Japanese ,walleye pollock,39,,
6/30/2026,662,Kil-3,Kiliuda,walleye pollock,39,,
6/30/2026,665,Kil-5,Kiliuda,walleye pollock,39,,
7/18/2026,701,Mit-5,Mitrofania,walleye pollock,39,,
7/18/2026,701,Mit-5,Mitrofania,walleye pollock,39,,
7/12/2026,687,Bar-5,Baralof,walleye pollock,40,,
7/12/2026,687,Bar-5,Baralof,walleye pollock,40,,
7/9/2026,678,BB-3,Balboa,walleye pollock,40,,
7/9/2026,678,BB-3,Balboa,walleye pollock,40,,
7/9/2026,680,BB-4,Balboa,walleye pollock,40,,
7/11/2026,685,Fal-3,Falmouth,walleye pollock,40,,
7/11/2026,682,Fal-5,Falmouth,walleye pollock,40,,
7/4/2026,674,Jap-3,Japanese ,walleye pollock,40,,
7/4/2026,675,Jap-6,Japanese ,walleye pollock,40,,
7/4/2026,675,Jap-6,Japanese ,walleye pollock,40,,
6/30/2026,661,Kil-2,Kiliuda,walleye pollock,40,,
6/30/2026,662,Kil-3,Kiliuda,walleye pollock,40,,
6/30/2026,665,Kil-5,Kiliuda,walleye pollock,40,,
6/30/2026,665,Kil-5,Kiliuda,walleye pollock,40,,
6/30/2026,665,Kil-5,Kiliuda,walleye pollock,40,,
7/18/2026,701,Mit-5,Mitrofania,walleye pollock,40,,
7/18/2026,705,Mit-6,Mitrofania,walleye pollock,40,,
7/18/2026,705,Mit-6,Mitrofania,walleye pollock,40,,
7/14/2026,695,Sand-2,Sand Point,walleye pollock,40,,
7/14/2026,695,Sand-2,Sand Point,walleye pollock,40,,
7/14/2026,695,Sand-2,Sand Point,walleye pollock,40,,
7/22/2026,711,AG-2,Agripina,walleye pollock,41,,
7/9/2026,681,BB-7,Balboa,walleye pollock,41,,
7/11/2026,683,Fal-1,Falmouth,walleye pollock,41,,
7/11/2026,685,Fal-3,Falmouth,walleye pollock,41,,
7/11/2026,685,Fal-3,Falmouth,walleye pollock,41,,
7/11/2026,685,Fal-3,Falmouth,walleye pollock,41,,
7/4/2026,675,Jap-6,Japanese ,walleye pollock,41,,
7/4/2026,675,Jap-6,Japanese ,walleye pollock,41,,
7/2/2026,666,Kai-3,Kaiugnak,walleye pollock,41,,
7/2/2026,667,Kai-6,Kaiugnak,walleye pollock,41,,
6/30/2026,663,Kil-4,Kiliuda,walleye pollock,41,,
7/18/2026,701,Mit-5,Mitrofania,walleye pollock,41,,
7/18/2026,701,Mit-5,Mitrofania,walleye pollock,41,,
7/14/2026,695,Sand-2,Sand Point,walleye pollock,41,,
7/14/2026,695,Sand-2,Sand Point,walleye pollock,41,,
7/22/2026,711,AG-2,Agripina,walleye pollock,42,,
7/22/2026,711,AG-2,Agripina,walleye pollock,42,,
7/9/2026,679,BB-2,Balboa,walleye pollock,42,,
7/11/2026,683,Fal-1,Falmouth,walleye pollock,42,,
7/11/2026,682,Fal-5,Falmouth,walleye pollock,42,,
7/4/2026,674,Jap-3,Japanese ,walleye pollock,42,,
7/2/2026,667,Kai-6,Kaiugnak,walleye pollock,42,,
7/2/2026,667,Kai-6,Kaiugnak,walleye pollock,42,,
6/30/2026,661,Kil-2,Kiliuda,walleye pollock,42,,
7/18/2026,705,Mit-6,Mitrofania,walleye pollock,42,,
7/18/2026,705,Mit-6,Mitrofania,walleye pollock,42,,
7/14/2026,695,Sand-2,Sand Point,walleye pollock,42,,
7/22/2026,711,AG-2,Agripina,walleye pollock,43,,
7/22/2026,711,AG-2,Agripina,walleye pollock,43,,
7/22/2026,711,AG-2,Agripina,walleye pollock,43,,
7/22/2026,711,AG-2,Agripina,walleye pollock,43,,
7/22/2026,711,AG-2,Agripina,walleye pollock,43,,
7/12/2026,687,Bar-5,Baralof,walleye pollock,43,,
7/11/2026,685,Fal-3,Falmouth,walleye pollock,43,,
6/30/2026,660,Kil-1,Kiliuda,walleye pollock,43,,
6/30/2026,661,Kil-2,Kiliuda,walleye pollock,43,,
6/30/2026,664,Kil-6,Kiliuda,walleye pollock,43,,
7/18/2026,705,Mit-6,Mitrofania,walleye pollock,43,,
7/22/2026,711,AG-2,Agripina,walleye pollock,44,,
7/22/2026,711,AG-2,Agripina,walleye pollock,44,,
7/4/2026,676,Jap-1,Japanese ,walleye pollock,44,,
7/4/2026,674,Jap-3,Japanese ,walleye pollock,44,,
7/4/2026,674,Jap-3,Japanese ,walleye pollock,44,,
7/2/2026,667,Kai-6,Kaiugnak,walleye pollock,44,,
6/30/2026,660,Kil-1,Kiliuda,walleye pollock,44,,
6/30/2026,661,Kil-2,Kiliuda,walleye pollock,44,,
6/30/2026,662,Kil-3,Kiliuda,walleye pollock,44,,
7/14/2026,695,Sand-2,Sand Point,walleye pollock,44,,
7/22/2026,711,AG-2,Agripina,walleye pollock,45,,
7/22/2026,711,AG-2,Agripina,walleye pollock,45,,
7/22/2026,711,AG-2,Agripina,walleye pollock,45,,
7/11/2026,685,Fal-3,Falmouth,walleye pollock,45,,
7/11/2026,682,Fal-5,Falmouth,walleye pollock,45,,
7/2/2026,667,Kai-6,Kaiugnak,walleye pollock,45,,
7/2/2026,668,Kai-7,Kaiugnak,walleye pollock,45,,
6/30/2026,662,Kil-3,Kiliuda,walleye pollock,45,,
7/18/2026,705,Mit-6,Mitrofania,walleye pollock,45,,
7/18/2026,705,Mit-6,Mitrofania,walleye pollock,45,,
7/22/2026,712,AG-5,Agripina,walleye pollock,46,,
7/11/2026,683,Fal-1,Falmouth,walleye pollock,46,,
7/11/2026,685,Fal-3,Falmouth,walleye pollock,46,,
7/4/2026,672,Jap-7,Japanese ,walleye pollock,46,,
7/2/2026,667,Kai-6,Kaiugnak,walleye pollock,46,,
6/30/2026,661,Kil-2,Kiliuda,walleye pollock,46,,
6/30/2026,661,Kil-2,Kiliuda,walleye pollock,46,,
7/14/2026,695,Sand-2,Sand Point,walleye pollock,46,,
7/22/2026,711,AG-2,Agripina,walleye pollock,47,,
7/22/2026,711,AG-2,Agripina,walleye pollock,47,,
7/22/2026,713,AG-3,Agripina,walleye pollock,47,,
7/18/2026,705,Mit-6,Mitrofania,walleye pollock,47,,
7/18/2026,705,Mit-6,Mitrofania,walleye pollock,47,,
7/14/2026,695,Sand-2,Sand Point,walleye pollock,47,,
7/22/2026,711,AG-2,Agripina,walleye pollock,48,,
7/22/2026,711,AG-2,Agripina,walleye pollock,48,,
7/4/2026,676,Jap-1,Japanese ,walleye pollock,49,,
7/22/2026,711,AG-2,Agripina,walleye pollock,50,,
7/4/2026,674,Jap-3,Japanese ,walleye pollock,50,,
7/4/2026,675,Jap-6,Japanese ,walleye pollock,50,,
7/22/2026,713,AG-3,Agripina,walleye pollock,51,,
7/4/2026,675,Jap-6,Japanese ,walleye pollock,51,,
7/18/2026,705,Mit-6,Mitrofania,walleye pollock,51,,
7/18/2026,705,Mit-6,Mitrofania,walleye pollock,51,,
7/22/2026,711,AG-2,Agripina,walleye pollock,52,,
7/22/2026,711,AG-2,Agripina,walleye pollock,52,,
7/22/2026,711,AG-2,Agripina,walleye pollock,52,,
7/4/2026,675,Jap-6,Japanese ,walleye pollock,52,,
7/2/2026,669,Kai-4,Kaiugnak,walleye pollock,52,,
7/4/2026,673,Jap-2,Japanese ,walleye pollock,53,,
7/2/2026,669,Kai-4,Kaiugnak,walleye pollock,53,,
7/21/2026,708,PW-1,Port Wrangell,walleye pollock,54,,
7/18/2026,705,Mit-6,Mitrofania,walleye pollock,57,,
7/21/2026,708,PW-1,Port Wrangell,walleye pollock,63,,
7/4/2026,676,Jap-1,Japanese ,walleye pollock,66,,
7/12/2026,689,Bar-3,Baralof,walleye pollock,81,,
7/11/2026,683,Fal-1,Falmouth,walleye pollock,87,,
7/12/2026,688,Bar-4,Baralof,walleye pollock,89,,
7/11/2026,683,Fal-1,Falmouth,walleye pollock,90,,
7/16/2026,699,Fox-1,Fox,walleye pollock,106,,
7/4/2026,676,Jap-1,Japanese ,walleye pollock,108,,
7/4/2026,676,Jap-1,Japanese ,walleye pollock,108,,
7/4/2026,676,Jap-1,Japanese ,walleye pollock,110,,
7/16/2026,699,Fox-1,Fox,walleye pollock,111,,
7/9/2026,678,BB-3,Balboa,walleye pollock,122,,
7/16/2026,699,Fox-1,Fox,walleye pollock,123,,
7/16/2026,699,Fox-1,Fox,walleye pollock,124,,
7/16/2026,699,Fox-1,Fox,walleye pollock,125,,
7/9/2026,678,BB-3,Balboa,walleye pollock,127,,
7/16/2026,699,Fox-1,Fox,walleye pollock,131,,
,,,,,,,
,,,,,,,
,,,,,,,
,,,,,,,
,,,,,,,
,,,,,,,
,,,,,,,
,,,,,,,
,,,,,,,
,,,,,,,
,,,,,,,
,,,,,,,
,,,,,,,
,,,,,,,
,,,,,,,
,,,,,,,
,,,,,,,
,,,,,,,
,,,,,,,
,,,,,,,
,,,,,,,
,,,,,,,
,,,,,,,
,,,,,,,
,,,,,,,
,,,,,,,
,,,,,,,
,,,,,,,
,,,,,,,
,,,,,,,
,,,,,,,
,,,,,,,
,,,,,,,
,,,,,,,
,,,,,,,
,,,,,,,
,,,,,,,
,,,,,,,
,,,,,,,
,,,,,,,
,,,,,,,
,,,,,,,
,,,,,,,
,,,,,,,
,,,,,,,
,,,,,,,
,,,,,,,
,,,,,,,
,,,,,,,
,,,,,,,
,,,,,,,
,,,,,,,
,,,,,,,
,,,,,,,
,,,,,,,
,,,,,,,
,,,,,,,
,,,,,,,
,,,,,,,
,,,,,,,
,,,,,,,
,,,,,,,
,,,,,,,
,,,,,,,
,,,,,,,
,,,,,,,
,,,,,,,
,,,,,,,
,,,,,,,
,,,,,,,
,,,,,,,
,,,,,,,
,,,,,,,
,,,,,,,
,,,,,,,
,,,,,,,
,,,,,,,
,,,,,,,
,,,,,,,
,,,,,,,
,,,,,,,
,,,,,,,
,,,,,,,
,,,,,,,
,,,,,,,
,,,,,,,
,,,,,,,
,,,,,,,
,,,,,,,
,,,,,,,
,,,,,,,
,,,,,,,
,,,,,,,
,,,,,,,
,,,,,,,
,,,,,,,
,,,,,,,
,,,,,,,
,,,,,,,
,,,,,,,
,,,,,,,
,,,,,,,
,,,,,,,
,,,,,,,
,,,,,,,
,,,,,,,
,,,,,,,
,,,,,,,
,,,,,,,
,,,,,,,
,,,,,,,
,,,,,,,
,,,,,,,
,,,,,,,
,,,,,,,
,,,,,,,
,,,,,,,
,,,,,,,
,,,,,,,
,,,,,,,
,,,,,,,
,,,,,,,
,,,,,,,
,,,,,,,
,,,,,,,
,,,,,,,
,,,,,,,
,,,,,,,
,,,,,,,
,,,,,,,
,,,,,,,
,,,,,,,
,,,,,,,
,,,,,,,
,,,,,,,
,,,,,,,
,,,,,,,
,,,,,,,
,,,,,,,
,,,,,,,
,,,,,,,
,,,,,,,
,,,,,,,
,,,,,,,
,,,,,,,
,,,,,,,
,,,,,,,
,,,,,,,
,,,,,,,
,,,,,,,
,,,,,,,
,,,,,,,
,,,,,,,
,,,,,,,
,,,,,,,
,,,,,,,
,,,,,,,
,,,,,,,
,,,,,,,
,,,,,,,
,,,,,,,
,,,,,,,
,,,,,,,
,,,,,,,
,,,,,,,
,,,,,,,
,,,,,,,
,,,,,,,
,,,,,,,
,,,,,,,
,,,,,,,
,,,,,,,
,,,,,,,
,,,,,,,
,,,,,,,
,,,,,,,
,,,,,,,
,,,,,,,
,,,,,,,
,,,,,,,
,,,,,,,
,,,,,,,
,,,,,,,
,,,,,,,
,,,,,,,
,,,,,,,
,,,,,,,
,,,,,,,
,,,,,,,
,,,,,,,
,,,,,,,
,,,,,,,
,,,,,,,
,,,,,,,
,,,,,,,
,,,,,,,
,,,,,,,
,,,,,,,
,,,,,,,
,,,,,,,
,,,,,,,
,,,,,,,
,,,,,,,
,,,,,,,
,,,,,,,
,,,,,,,
,,,,,,,
,,,,,,,
,,,,,,,
,,,,,,,
,,,,,,,
,,,,,,,
,,,,,,,
,,,,,,,
,,,,,,,
,,,,,,,
,,,,,,,
,,,,,,,
,,,,,,,
,,,,,,,
,,,,,,,
,,,,,,,
,,,,,,,
,,,,,,,
,,,,,,,
,,,,,,,
,,,,,,,
,,,,,,,
,,,,,,,
,,,,,,,
,,,,,,,
,,,,,,,
,,,,,,,
,,,,,,,
,,,,,,,
,,,,,,,
,,,,,,,
,,,,,,,
,,,,,,,
,,,,,,,
,,,,,,,
,,,,,,,
,,,,,,,
,,,,,,,
,,,,,,,
,,,,,,,
,,,,,,,
,,,,,,,
,,,,,,,
,,,,,,,
,,,,,,,
,,,,,,,
,,,,,,,
,,,,,,,
,,,,,,,
,,,,,,,
,,,,,,,
,,,,,,,
,,,,,,,
,,,,,,,
,,,,,,,
,,,,,,,
,,,,,,,
,,,,,,,
,,,,,,,
,,,,,,,
,,,,,,,
,,,,,,,
,,,,,,,
,,,,,,,
,,,,,,,
,,,,,,,
,,,,,,,
,,,,,,,
,,,,,,,
,,,,,,,
,,,,,,,
,,,,,,,
,,,,,,,
,,,,,,,
,,,,,,,
,,,,,,,
,,,,,,,
,,,,,,,
,,,,,,,
,,,,,,,
,,,,,,,
,,,,,,,
,,,,,,,
,,,,,,,
,,,,,,,
,,,,,,,
,,,,,,,
,,,,,,,
,,,,,,,
,,,,,,,
,,,,,,,
,,,,,,,
,,,,,,,
,,,,,,,
,,,,,,,
,,,,,,,
,,,,,,,
,,,,,,,
,,,,,,,
,,,,,,,
,,,,,,,
,,,,,,,
,,,,,,,
,,,,,,,
,,,,,,,
,,,,,,,
,,,,,,,
,,,,,,,
,,,,,,,
,,,,,,,
,,,,,,,
,,,,,,,
,,,,,,,
,,,,,,,
,,,,,,,
,,,,,,,
,,,,,,,
,,,,,,,
,,,,,,,
,,,,,,,
,,,,,,,
,,,,,,,
,,,,,,,
,,,,,,,
,,,,,,,
,,,,,,,
,,,,,,,
,,,,,,,
,,,,,,,
,,,,,,,
,,,,,,,
,,,,,,,
,,,,,,,
,,,,,,,
,,,,,,,
,,,,,,,
,,,,,,,
,,,,,,,
,,,,,,,
,,,,,,,
,,,,,,,
,,,,,,,
,,,,,,,
,,,,,,,
,,,,,,,
,,,,,,,
,,,,,,,
,,,,,,,
,,,,,,,
,,,,,,,
,,,,,,,
,,,,,,,
,,,,,,,
,,,,,,,
,,,,,,,
,,,,,,,
,,,,,,,
,,,,,,,
,,,,,,,
,,,,,,,
,,,,,,,
,,,,,,,
,,,,,,,
,,,,,,,
,,,,,,,
,,,,,,,
,,,,,,,
,,,,,,,
,,,,,,,
,,,,,,,
,,,,,,,
,,,,,,,
,,,,,,,
,,,,,,,
,,,,,,,
,,,,,,,
,,,,,,,
,,,,,,,
,,,,,,,
,,,,,,,
,,,,,,,
,,,,,,,
,,,,,,,
,,,,,,,
,,,,,,,
,,,,,,,
,,,,,,,
,,,,,,,
,,,,,,,
,,,,,,,
,,,,,,,
,,,,,,,
,,,,,,,
,,,,,,,
,,,,,,,
,,,,,,,
,,,,,,,
,,,,,,,
,,,,,,,
,,,,,,,
,,,,,,,
,,,,,,,
,,,,,,,
,,,,,,,
,,,,,,,
,,,,,,,
,,,,,,,
,,,,,,,
,,,,,,,
,,,,,,,
,,,,,,,
,,,,,,,
,,,,,,,
,,,,,,,
,,,,,,,
,,,,,,,
,,,,,,,
,,,,,,,
,,,,,,,
,,,,,,,
,,,,,,,
,,,,,,,
,,,,,,,
,,,,,,,
,,,,,,,
,,,,,,,
,,,,,,,
,,,,,,,
,,,,,,,
,,,,,,,
,,,,,,,
,,,,,,,
,,,,,,,
,,,,,,,
,,,,,,,
,,,,,,,
,,,,,,,
,,,,,,,
,,,,,,,
,,,,,,,
,,,,,,,
,,,,,,,
,,,,,,,
,,,,,,,
,,,,,,,
,,,,,,,
,,,,,,,
,,,,,,,
,,,,,,,
,,,,,,,
,,,,,,,
,,,,,,,
,,,,,,,
,,,,,,,
,,,,,,,
,,,,,,,
,,,,,,,
,,,,,,,
,,,,,,,
,,,,,,,
,,,,,,,
,,,,,,,
,,,,,,,
,,,,,,,
,,,,,,,
,,,,,,,
,,,,,,,
,,,,,,,
,,,,,,,
,,,,,,,
,,,,,,,
,,,,,,,
,,,,,,,
,,,,,,,
,,,,,,,
,,,,,,,
,,,,,,,
,,,,,,,
,,,,,,,
,,,,,,,
,,,,,,,
,,,,,,,
,,,,,,,
,,,,,,,
,,,,,,,
,,,,,,,
,,,,,,,
,,,,,,,
,,,,,,,
,,,,,,,
,,,,,,,
,,,,,,,
,,,,,,,
,,,,,,,
,,,,,,,
,,,,,,,
,,,,,,,
,,,,,,,
,,,,,,,
,,,,,,,
,,,,,,,
,,,,,,,
,,,,,,,
,,,,,,,
,,,,,,,
,,,,,,,
,,,,,,,
,,,,,,,
,,,,,,,
,,,,,,,
,,,,,,,
,,,,,,,
,,,,,,,
,,,,,,,
,,,,,,,
,,,,,,,
,,,,,,,
,,,,,,,
,,,,,,,
,,,,,,,
,,,,,,,
,,,,,,,
,,,,,,,
,,,,,,,
,,,,,,,
,,,,,,,
,,,,,,,
,,,,,,,
,,,,,,,
,,,,,,,
,,,,,,,
,,,,,,,
,,,,,,,
,,,,,,,
,,,,,,,
,,,,,,,
,,,,,,,
,,,,,,,
,,,,,,,
,,,,,,,
,,,,,,,
,,,,,,,
,,,,,,,
,,,,,,,
,,,,,,,
,,,,,,,
,,,,,,,
,,,,,,,
,,,,,,,
,,,,,,,
,,,,,,,
,,,,,,,
,,,,,,,
,,,,,,,
,,,,,,,
,,,,,,,
,,,,,,,
,,,,,,,
,,,,,,,
,,,,,,,
,,,,,,,
,,,,,,,
,,,,,,,
,,,,,,,
,,,,,,,
,,,,,,,
,,,,,,,
,,,,,,,
,,,,,,,
,,,,,,,
,,,,,,,
,,,,,,,
,,,,,,,
,,,,,,,
,,,,,,,
,,,,,,,
,,,,,,,
,,,,,,,
,,,,,,,
,,,,,,,
,,,,,,,
,,,,,,,
,,,,,,,
,,,,,,,
,,,,,,,
,,,,,,,
,,,,,,,
,,,,,,,
,,,,,,,
,,,,,,,
,,,,,,,
,,,,,,,
,,,,,,,
,,,,,,,
,,,,,,,
,,,,,,,
,,,,,,,
,,,,,,,
,,,,,,,
,,,,,,,
,,,,,,,
,,,,,,,
,,,,,,,
,,,,,,,
,,,,,,,
,,,,,,,
,,,,,,,
,,,,,,,
,,,,,,,
,,,,,,,
,,,,,,,
,,,,,,,
,,,,,,,
,,,,,,,
,,,,,,,
,,,,,,,
,,,,,,,
,,,,,,,
,,,,,,,
,,,,,,,
,,,,,,,
,,,,,,,
,,,,,,,
,,,,,,,
,,,,,,,
,,,,,,,
,,,,,,,
,,,,,,,
,,,,,,,
,,,,,,,
,,,,,,,
,,,,,,,
,,,,,,,
,,,,,,,
,,,,,,,
,,,,,,,
,,,,,,,
,,,,,,,
,,,,,,,
,,,,,,,
,,,,,,,
,,,,,,,
,,,,,,,
,,,,,,,
,,,,,,,
,,,,,,,
,,,,,,,
,,,,,,,
,,,,,,,
,,,,,,,
,,,,,,,
,,,,,,,
,,,,,,,
,,,,,,,
,,,,,,,
,,,,,,,
,,,,,,,
,,,,,,,
,,,,,,,
,,,,,,,
,,,,,,,
,,,,,,,
,,,,,,,
,,,,,,,
,,,,,,,
,,,,,,,
,,,,,,,
,,,,,,,
,,,,,,,
,,,,,,,
,,,,,,,
,,,,,,,
,,,,,,,
,,,,,,,
,,,,,,,
,,,,,,,
,,,,,,,
,,,,,,,
,,,,,,,
,,,,,,,
,,,,,,,
,,,,,,,
,,,,,,,
,,,,,,,
,,,,,,,
,,,,,,,
,,,,,,,
,,,,,,,
,,,,,,,
,,,,,,,
,,,,,,,
,,,,,,,
,,,,,,,
,,,,,,,
,,,,,,,
,,,,,,,
,,,,,,,
,,,,,,,
,,,,,,,
,,,,,,,
,,,,,,,
,,,,,,,
,,,,,,,
,,,,,,,
,,,,,,,
,,,,,,,
,,,,,,,
,,,,,,,
,,,,,,,
,,,,,,,
,,,,,,,
,,,,,,,
,,,,,,,
,,,,,,,
,,,,,,,
,,,,,,,
,,,,,,,
,,,,,,,
,,,,,,,
,,,,,,,
,,,,,,,
,,,,,,,
,,,,,,,
,,,,,,,
,,,,,,,
,,,,,,,
,,,,,,,
,,,,,,,
,,,,,,,
,,,,,,,
,,,,,,,
,,,,,,,
,,,,,,,
,,,,,,,
,,,,,,,
,,,,,,,
,,,,,,,
,,,,,,,
,,,,,,,
,,,,,,,
,,,,,,,
,,,,,,,
,,,,,,,
,,,,,,,
,,,,,,,
,,,,,,,
,,,,,,,
,,,,,,,
,,,,,,,
,,,,,,,
,,,,,,,
,,,,,,,
,,,,,,,
,,,,,,,
,,,,,,,
,,,,,,,
,,,,,,,
,,,,,,,
,,,,,,,
,,,,,,,
,,,,,,,
,,,,,,,
,,,,,,,
,,,,,,,
,,,,,,,
,,,,,,,
,,,,,,,
,,,,,,,
,,,,,,,
,,,,,,,
,,,,,,,
,,,,,,,
,,,,,,,
,,,,,,,
,,,,,,,
,,,,,,,
,,,,,,,
,,,,,,,
,,,,,,,
,,,,,,,
,,,,,,,
,,,,,,,
,,,,,,,
,,,,,,,
,,,,,,,
,,,,,,,
,,,,,,,
,,,,,,,
,,,,,,,
,,,,,,,
,,,,,,,
,,,,,,,
,,,,,,,
,,,,,,,
,,,,,,,
,,,,,,,
,,,,,,,
,,,,,,,
,,,,,,,
,,,,,,,
,,,,,,,
,,,,,,,
,,,,,,,
,,,,,,,
,,,,,,,
,,,,,,,
,,,,,,,
,,,,,,,
,,,,,,,
,,,,,,,
,,,,,,,
,,,,,,,
,,,,,,,
,,,,,,,
,,,,,,,
,,,,,,,
,,,,,,,
,,,,,,,
,,,,,,,
,,,,,,,
,,,,,,,
,,,,,,,
,,,,,,,
,,,,,,,
,,,,,,,
,,,,,,,
,,,,,,,
,,,,,,,
,,,,,,,
,,,,,,,
,,,,,,,
,,,,,,,
,,,,,,,
,,,,,,,
,,,,,,,
,,,,,,,
,,,,,,,
,,,,,,,
,,,,,,,
,,,,,,,
,,,,,,,
,,,,,,,
,,,,,,,
,,,,,,,
,,,,,,,
,,,,,,,
,,,,,,,
,,,,,,,
,,,,,,,
,,,,,,,
,,,,,,,
,,,,,,,
,,,,,,,
,,,,,,,
,,,,,,,
,,,,,,,
,,,,,,,
,,,,,,,
,,,,,,,
,,,,,,,
,,,,,,,
,,,,,,,
,,,,,,,
,,,,,,,
,,,,,,,
,,,,,,,
,,,,,,,
,,,,,,,
,,,,,,,
,,,,,,,
,,,,,,,
,,,,,,,
,,,,,,,
,,,,,,,
,,,,,,,
,,,,,,,
,,,,,,,
,,,,,,,
,,,,,,,
,,,,,,,
,,,,,,,
,,,,,,,
,,,,,,,
,,,,,,,
,,,,,,,
,,,,,,,
,,,,,,,
,,,,,,,
,,,,,,,
,,,,,,,
,,,,,,,
,,,,,,,
,,,,,,,
,,,,,,,
,,,,,,,
,,,,,,,
,,,,,,,
,,,,,,,
,,,,,,,
,,,,,,,
,,,,,,,
,,,,,,,
,,,,,,,
,,,,,,,
,,,,,,,
,,,,,,,
,,,,,,,
,,,,,,,
,,,,,,,
,,,,,,,
,,,,,,,
,,,,,,,
,,,,,,,
,,,,,,,
,,,,,,,
,,,,,,,
,,,,,,,
,,,,,,,
,,,,,,,
,,,,,,,
,,,,,,,
,,,,,,,
,,,,,,,
,,,,,,,
,,,,,,,
,,,,,,,
,,,,,,,
,,,,,,,
,,,,,,,
,,,,,,,
,,,,,,,
,,,,,,,
,,,,,,,
,,,,,,,
,,,,,,,
,,,,,,,
,,,,,,,
,,,,,,,
,,,,,,,
,,,,,,,
,,,,,,,
,,,,,,,
,,,,,,,
,,,,,,,
,,,,,,,
,,,,,,,
,,,,,,,
,,,,,,,
,,,,,,,
,,,,,,,
,,,,,,,
,,,,,,,
,,,,,,,
,,,,,,,
,,,,,,,
,,,,,,,
,,,,,,,
,,,,,,,
,,,,,,,
,,,,,,,
,,,,,,,
,,,,,,,
,,,,,,,
,,,,,,,
,,,,,,,
,,,,,,,
,,,,,,,
,,,,,,,
,,,,,,,
,,,,,,,
,,,,,,,
,,,,,,,
,,,,,,,
,,,,,,,
,,,,,,,
,,,,,,,
,,,,,,,
,,,,,,,
,,,,,,,
,,,,,,,
,,,,,,,
,,,,,,,
,,,,,,,
,,,,,,,
,,,,,,,
,,,,,,,
,,,,,,,
,,,,,,,
,,,,,,,
,,,,,,,
,,,,,,,
,,,,,,,
,,,,,,,
,,,,,,,
,,,,,,,
,,,,,,,
,,,,,,,
,,,,,,,
,,,,,,,
,,,,,,,
,,,,,,,
,,,,,,,
,,,,,,,
,,,,,,,
,,,,,,,
,,,,,,,
,,,,,,,
,,,,,,,
,,,,,,,
,,,,,,,
,,,,,,,
,,,,,,,
,,,,,,,
,,,,,,,
,,,,,,,
,,,,,,,
,,,,,,,
,,,,,,,
,,,,,,,
,,,,,,,
,,,,,,,
,,,,,,,
,,,,,,,
,,,,,,,
,,,,,,,
,,,,,,,
,,,,,,,
,,,,,,,
,,,,,,,
,,,,,,,
,,,,,,,
,,,,,,,
,,,,,,,
,,,,,,,
,,,,,,,
,,,,,,,
,,,,,,,
,,,,,,,
,,,,,,,
,,,,,,,
,,,,,,,
,,,,,,,
,,,,,,,
,,,,,,,
,,,,,,,
,,,,,,,
,,,,,,,
,,,,,,,
,,,,,,,
,,,,,,,
,,,,,,,
,,,,,,,
,,,,,,,
,,,,,,,
,,,,,,,
,,,,,,,
,,,,,,,
,,,,,,,
,,,,,,,
,,,,,,,
,,,,,,,
,,,,,,,
,,,,,,,
,,,,,,,
,,,,,,,
,,,,,,,
,,,,,,,
,,,,,,,
,,,,,,,
,,,,,,,
,,,,,,,
,,,,,,,
,,,,,,,
,,,,,,,
,,,,,,,
,,,,,,,
,,,,,,,
,,,,,,,
,,,,,,,
,,,,,,,
,,,,,,,
,,,,,,,
,,,,,,,
,,,,,,,
,,,,,,,
,,,,,,,
,,,,,,,
,,,,,,,
,,,,,,,
,,,,,,,
,,,,,,,
,,,,,,,
,,,,,,,
,,,,,,,
,,,,,,,
,,,,,,,
,,,,,,,
,,,,,,,
,,,,,,,
,,,,,,,
,,,,,,,
,,,,,,,
,,,,,,,
,,,,,,,
,,,,,,,
,,,,,,,
,,,,,,,
,,,,,,,
,,,,,,,
,,,,,,,
,,,,,,,
,,,,,,,
,,,,,,,
,,,,,,,
,,,,,,,
,,,,,,,
,,,,,,,
,,,,,,,
,,,,,,,
,,,,,,,
,,,,,,,
,,,,,,,
,,,,,,,
,,,,,,,
,,,,,,,
,,,,,,,
,,,,,,,
,,,,,,,
,,,,,,,
,,,,,,,
,,,,,,,
,,,,,,,
,,,,,,,
,,,,,,,
,,,,,,,
,,,,,,,
,,,,,,,
,,,,,,,
,,,,,,,
,,,,,,,
,,,,,,,
,,,,,,,
,,,,,,,
,,,,,,,
,,,,,,,
,,,,,,,
,,,,,,,
,,,,,,,
,,,,,,,
,,,,,,,
,,,,,,,
,,,,,,,
,,,,,,,
,,,,,,,
,,,,,,,
,,,,,,,
,,,,,,,
,,,,,,,
,,,,,,,
,,,,,,,
,,,,,,,
,,,,,,,
,,,,,,,
,,,,,,,
,,,,,,,
,,,,,,,
,,,,,,,
,,,,,,,
,,,,,,,
,,,,,,,
,,,,,,,
,,,,,,,
,,,,,,,
,,,,,,,
,,,,,,,
,,,,,,,
,,,,,,,
,,,,,,,
,,,,,,,
,,,,,,,
,,,,,,,
,,,,,,,
,,,,,,,
,,,,,,,
,,,,,,,
,,,,,,,
,,,,,,,
,,,,,,,
,,,,,,,
,,,,,,,
,,,,,,,
,,,,,,,
,,,,,,,
,,,,,,,
,,,,,,,
,,,,,,,
,,,,,,,
,,,,,,,
,,,,,,,
,,,,,,,
,,,,,,,
,,,,,,,
,,,,,,,
,,,,,,,
,,,,,,,
,,,,,,,
,,,,,,,
,,,,,,,
,,,,,,,
,,,,,,,
,,,,,,,
,,,,,,,
,,,,,,,
,,,,,,,
,,,,,,,
,,,,,,,
,,,,,,,
,,,,,,,
,,,,,,,
,,,,,,,
,,,,,,,
,,,,,,,
,,,,,,,
,,,,,,,
,,,,,,,
,,,,,,,
,,,,,,,
,,,,,,,
,,,,,,,
,,,,,,,
,,,,,,,
,,,,,,,
,,,,,,,
,,,,,,,
,,,,,,,
,,,,,,,
,,,,,,,
,,,,,,,
,,,,,,,
,,,,,,,
,,,,,,,
,,,,,,,
,,,,,,,
,,,,,,,
,,,,,,,
,,,,,,,
,,,,,,,
,,,,,,,
,,,,,,,
,,,,,,,
,,,,,,,
,,,,,,,
,,,,,,,
,,,,,,,
,,,,,,,
,,,,,,,
,,,,,,,
,,,,,,,
,,,,,,,
,,,,,,,
,,,,,,,
,,,,,,,
,,,,,,,
,,,,,,,
,,,,,,,
,,,,,,,
,,,,,,,
,,,,,,,
,,,,,,,
,,,,,,,
,,,,,,,
,,,,,,,
,,,,,,,
,,,,,,,
,,,,,,,
,,,,,,,
,,,,,,,
,,,,,,,
,,,,,,,
,,,,,,,
,,,,,,,
,,,,,,,
,,,,,,,
,,,,,,,
,,,,,,,
,,,,,,,
,,,,,,,
,,,,,,,
,,,,,,,
,,,,,,,
,,,,,,,
,,,,,,,
,,,,,,,
,,,,,,,
,,,,,,,
,,,,,,,
,,,,,,,
,,,,,,,
,,,,,,,
,,,,,,,
,,,,,,,
,,,,,,,
,,,,,,,
,,,,,,,
,,,,,,,
,,,,,,,
,,,,,,,
,,,,,,,
,,,,,,,
,,,,,,,
,,,,,,,
,,,,,,,
,,,,,,,
,,,,,,,
,,,,,,,
,,,,,,,
,,,,,,,
,,,,,,,
,,,,,,,
,,,,,,,
,,,,,,,
,,,,,,,
,,,,,,,
,,,,,,,
,,,,,,,
,,,,,,,
,,,,,,,
,,,,,,,
,,,,,,,
,,,,,,,
,,,,,,,
,,,,,,,
,,,,,,,
,,,,,,,
,,,,,,,
,,,,,,,
,,,,,,,
,,,,,,,
,,,,,,,
,,,,,,,
,,,,,,,
,,,,,,,
,,,,,,,
,,,,,,,
,,,,,,,
,,,,,,,
,,,,,,,
,,,,,,,
,,,,,,,
,,,,,,,
,,,,,,,
,,,,,,,
,,,,,,,
,,,,,,,
,,,,,,,
,,,,,,,
,,,,,,,
,,,,,,,
,,,,,,,
,,,,,,,
,,,,,,,
,,,,,,,
,,,,,,,
,,,,,,,
,,,,,,,
,,,,,,,
,,,,,,,
,,,,,,,
,,,,,,,
,,,,,,,
,,,,,,,
,,,,,,,
,,,,,,,
,,,,,,,
,,,,,,,
,,,,,,,
,,,,,,,
,,,,,,,
,,,,,,,
,,,,,,,
,,,,,,,
,,,,,,,
,,,,,,,
,,,,,,,
,,,,,,,
,,,,,,,
,,,,,,,
,,,,,,,
,,,,,,,
,,,,,,,
,,,,,,,
,,,,,,,
,,,,,,,
,,,,,,,
,,,,,,,
,,,,,,,
,,,,,,,
,,,,,,,
,,,,,,,
,,,,,,,
,,,,,,,
,,,,,,,
,,,,,,,
,,,,,,,
,,,,,,,
,,,,,,,
,,,,,,,
,,,,,,,
,,,,,,,
,,,,,,,
,,,,,,,
,,,,,,,
,,,,,,,
,,,,,,,
,,,,,,,
,,,,,,,
,,,,,,,
,,,,,,,
,,,,,,,
,,,,,,,
,,,,,,,
,,,,,,,
,,,,,,,
,,,,,,,
,,,,,,,
,,,,,,,
,,,,,,,
,,,,,,,
,,,,,,,
,,,,,,,
,,,,,,,
,,,,,,,
,,,,,,,
,,,,,,,
,,,,,,,
,,,,,,,
,,,,,,,
,,,,,,,
,,,,,,,
,,,,,,,
,,,,,,,
,,,,,,,
,,,,,,,
,,,,,,,
,,,,,,,
,,,,,,,
,,,,,,,
,,,,,,,
,,,,,,,
,,,,,,,
,,,,,,,
,,,,,,,
,,,,,,,
,,,,,,,
,,,,,,,
,,,,,,,
,,,,,,,
,,,,,,,
,,,,,,,
,,,,,,,
,,,,,,,
,,,,,,,
,,,,,,,
,,,,,,,
,,,,,,,
,,,,,,,
,,,,,,,
,,,,,,,
,,,,,,,
,,,,,,,
,,,,,,,
,,,,,,,
,,,,,,,
,,,,,,,
,,,,,,,
,,,,,,,
,,,,,,,
,,,,,,,
,,,,,,,
,,,,,,,
,,,,,,,
,,,,,,,
,,,,,,,
,,,,,,,
,,,,,,,
,,,,,,,
,,,,,,,
,,,,,,,
,,,,,,,
,,,,,,,
,,,,,,,
,,,,,,,
,,,,,,,
,,,,,,,
,,,,,,,
,,,,,,,
,,,,,,,
,,,,,,,
,,,,,,,
,,,,,,,
,,,,,,,
,,,,,,,
,,,,,,,
,,,,,,,
,,,,,,,
,,,,,,,
,,,,,,,
,,,,,,,
,,,,,,,
,,,,,,,
,,,,,,,
,,,,,,,
,,,,,,,
,,,,,,,
,,,,,,,
,,,,,,,
,,,,,,,
,,,,,,,
,,,,,,,
,,,,,,,
,,,,,,,
,,,,,,,
,,,,,,,
,,,,,,,
,,,,,,,
,,,,,,,
,,,,,,,
,,,,,,,
,,,,,,,
,,,,,,,
,,,,,,,
,,,,,,,
,,,,,,,
,,,,,,,
,,,,,,,
,,,,,,,
,,,,,,,
,,,,,,,
,,,,,,,
,,,,,,,
,,,,,,,
,,,,,,,
,,,,,,,
,,,,,,,
,,,,,,,
,,,,,,,
,,,,,,,
,,,,,,,
,,,,,,,
,,,,,,,
,,,,,,,
,,,,,,,
,,,,,,,
,,,,,,,
,,,,,,,
,,,,,,,
,,,,,,,
,,,,,,,
,,,,,,,
,,,,,,,
,,,,,,,
,,,,,,,
,,,,,,,
,,,,,,,
,,,,,,,
,,,,,,,
,,,,,,,
,,,,,,,
,,,,,,,
,,,,,,,
,,,,,,,
,,,,,,,
,,,,,,,
,,,,,,,
,,,,,,,
,,,,,,,
,,,,,,,
,,,,,,,
,,,,,,,
,,,,,,,
,,,,,,,
,,,,,,,
,,,,,,,
,,,,,,,
,,,,,,,
,,,,,,,
,,,,,,,
,,,,,,,
,,,,,,,
,,,,,,,
,,,,,,,
,,,,,,,
,,,,,,,
,,,,,,,
,,,,,,,
,,,,,,,
,,,,,,,
,,,,,,,
,,,,,,,
,,,,,,,
,,,,,,,
,,,,,,,
,,,,,,,
,,,,,,,
,,,,,,,
,,,,,,,
,,,,,,,
,,,,,,,
,,,,,,,
,,,,,,,
,,,,,,,
,,,,,,,
,,,,,,,
,,,,,,,
,,,,,,,
,,,,,,,
,,,,,,,
,,,,,,,
,,,,,,,
,,,,,,,
,,,,,,,
,,,,,,,
,,,,,,,
,,,,,,,
,,,,,,,
,,,,,,,
,,,,,,,
,,,,,,,
,,,,,,,
,,,,,,,
,,,,,,,
,,,,,,,
,,,,,,,
,,,,,,,
,,,,,,,
,,,,,,,
,,,,,,,
,,,,,,,
,,,,,,,
,,,,,,,
,,,,,,,
,,,,,,,
,,,,,,,
,,,,,,,
,,,,,,,
,,,,,,,
,,,,,,,
,,,,,,,
,,,,,,,
,,,,,,,
,,,,,,,
,,,,,,,
,,,,,,,
,,,,,,,
,,,,,,,
,,,,,,,
,,,,,,,
,,,,,,,
,,,,,,,
,,,,,,,
,,,,,,,
,,,,,,,
,,,,,,,
,,,,,,,
,,,,,,,
,,,,,,,
,,,,,,,
,,,,,,,
,,,,,,,
,,,,,,,
,,,,,,,
,,,,,,,
,,,,,,,
,,,,,,,
,,,,,,,
,,,,,,,
,,,,,,,
,,,,,,,
,,,,,,,
,,,,,,,
,,,,,,,
,,,,,,,
,,,,,,,
,,,,,,,
,,,,,,,
,,,,,,,
,,,,,,,
,,,,,,,
,,,,,,,
,,,,,,,
,,,,,,,
,,,,,,,
,,,,,,,
,,,,,,,
,,,,,,,
,,,,,,,
,,,,,,,
,,,,,,,
,,,,,,,
,,,,,,,
,,,,,,,
,,,,,,,
,,,,,,,
,,,,,,,
,,,,,,,
,,,,,,,
,,,,,,,
,,,,,,,
,,,,,,,
,,,,,,,
,,,,,,,
,,,,,,,
,,,,,,,
,,,,,,,
,,,,,,,
,,,,,,,
,,,,,,,
,,,,,,,
,,,,,,,
,,,,,,,
,,,,,,,
,,,,,,,
,,,,,,,
,,,,,,,
,,,,,,,
,,,,,,,
,,,,,,,
,,,,,,,
,,,,,,,
,,,,,,,
,,,,,,,
,,,,,,,
,,,,,,,
,,,,,,,
,,,,,,,
,,,,,,,
,,,,,,,
,,,,,,,
,,,,,,,
,,,,,,,
,,,,,,,
,,,,,,,
,,,,,,,
,,,,,,,
,,,,,,,
,,,,,,,
,,,,,,,
,,,,,,,
,,,,,,,
,,,,,,,
,,,,,,,
,,,,,,,
,,,,,,,
,,,,,,,
,,,,,,,
,,,,,,,
,,,,,,,
,,,,,,,
,,,,,,,
,,,,,,,
,,,,,,,
,,,,,,,
,,,,,,,
,,,,,,,
,,,,,,,
,,,,,,,
,,,,,,,
,,,,,,,
,,,,,,,
,,,,,,,
,,,,,,,
,,,,,,,
,,,,,,,
,,,,,,,
,,,,,,,
,,,,,,,
,,,,,,,
,,,,,,,
,,,,,,,
,,,,,,,
,,,,,,,
,,,,,,,
,,,,,,,
,,,,,,,
,,,,,,,
,,,,,,,
,,,,,,,
,,,,,,,
,,,,,,,
,,,,,,,
,,,,,,,
,,,,,,,
,,,,,,,
,,,,,,,
,,,,,,,
,,,,,,,
,,,,,,,
,,,,,,,
,,,,,,,
,,,,,,,
,,,,,,,
,,,,,,,
,,,,,,,
,,,,,,,
,,,,,,,
,,,,,,,
,,,,,,,
,,,,,,,
,,,,,,,
,,,,,,,
,,,,,,,
,,,,,,,
,,,,,,,
,,,,,,,
,,,,,,,
,,,,,,,
,,,,,,,
,,,,,,,
,,,,,,,
,,,,,,,
,,,,,,,
,,,,,,,
,,,,,,,
,,,,,,,
,,,,,,,
,,,,,,,
,,,,,,,
,,,,,,,
,,,,,,,
,,,,,,,
,,,,,,,
,,,,,,,
,,,,,,,
,,,,,,,
,,,,,,,
,,,,,,,
,,,,,,,
,,,,,,,
,,,,,,,
,,,,,,,
,,,,,,,
,,,,,,,
,,,,,,,
,,,,,,,
,,,,,,,
,,,,,,,
,,,,,,,
,,,,,,,
,,,,,,,
,,,,,,,
,,,,,,,
,,,,,,,
,,,,,,,
,,,,,,,
,,,,,,,
,,,,,,,
,,,,,,,
,,,,,,,
,,,,,,,
,,,,,,,
,,,,,,,
,,,,,,,
,,,,,,,
,,,,,,,
,,,,,,,
,,,,,,,
,,,,,,,
,,,,,,,
,,,,,,,
,,,,,,,
,,,,,,,
,,,,,,,
,,,,,,,
,,,,,,,
,,,,,,,
,,,,,,,
,,,,,,,
,,,,,,,
,,,,,,,
,,,,,,,
,,,,,,,
,,,,,,,
,,,,,,,
,,,,,,,
,,,,,,,
,,,,,,,
,,,,,,,
,,,,,,,
,,,,,,,
,,,,,,,
,,,,,,,
,,,,,,,
,,,,,,,
,,,,,,,
,,,,,,,
,,,,,,,
,,,,,,,
,,,,,,,
,,,,,,,
,,,,,,,
,,,,,,,
,,,,,,,
,,,,,,,
,,,,,,,
,,,,,,,
,,,,,,,
,,,,,,,
,,,,,,,
,,,,,,,
,,,,,,,
,,,,,,,
,,,,,,,
,,,,,,,
,,,,,,,
,,,,,,,
,,,,,,,
,,,,,,,
,,,,,,,
,,,,,,,
,,,,,,,
,,,,,,,
,,,,,,,
,,,,,,,
,,,,,,,
,,,,,,,
,,,,,,,
,,,,,,,
,,,,,,,
,,,,,,,
,,,,,,,
,,,,,,,
,,,,,,,
,,,,,,,
,,,,,,,
,,,,,,,
,,,,,,,
,,,,,,,
,,,,,,,
,,,,,,,
,,,,,,,
,,,,,,,
,,,,,,,
,,,,,,,
,,,,,,,
,,,,,,,
,,,,,,,
,,,,,,,
,,,,,,,
,,,,,,,
,,,,,,,
,,,,,,,
,,,,,,,
,,,,,,,
,,,,,,,
,,,,,,,
,,,,,,,
,,,,,,,
,,,,,,,
,,,,,,,
,,,,,,,
,,,,,,,
,,,,,,,
,,,,,,,
,,,,,,,
,,,,,,,
,,,,,,,
,,,,,,,
,,,,,,,
,,,,,,,
,,,,,,,
,,,,,,,
,,,,,,,
,,,,,,,
,,,,,,,
,,,,,,,
,,,,,,,
,,,,,,,
,,,,,,,
,,,,,,,
,,,,,,,
,,,,,,,
,,,,,,,
,,,,,,,
,,,,,,,
,,,,,,,
,,,,,,,
,,,,,,,
,,,,,,,
,,,,,,,
,,,,,,,
,,,,,,,
,,,,,,,
,,,,,,,
,,,,,,,
,,,,,,,
,,,,,,,
,,,,,,,
,,,,,,,
,,,,,,,
,,,,,,,
,,,,,,,
,,,,,,,
,,,,,,,
,,,,,,,
,,,,,,,
,,,,,,,
,,,,,,,
,,,,,,,
,,,,,,,
,,,,,,,
,,,,,,,
,,,,,,,
,,,,,,,
,,,,,,,
,,,,,,,
,,,,,,,
,,,,,,,
,,,,,,,
,,,,,,,
,,,,,,,
,,,,,,,
,,,,,,,
,,,,,,,
,,,,,,,
,,,,,,,
,,,,,,,
,,,,,,,
,,,,,,,
,,,,,,,
,,,,,,,
,,,,,,,
,,,,,,,
,,,,,,,
,,,,,,,
,,,,,,,
,,,,,,,
,,,,,,,
,,,,,,,
,,,,,,,
,,,,,,,
,,,,,,,
,,,,,,,
,,,,,,,
,,,,,,,
,,,,,,,
,,,,,,,
,,,,,,,
,,,,,,,
,,,,,,,
,,,,,,,
,,,,,,,
,,,,,,,
,,,,,,,
,,,,,,,
,,,,,,,
,,,,,,,
,,,,,,,
,,,,,,,
,,,,,,,
,,,,,,,
,,,,,,,
,,,,,,,
,,,,,,,
,,,,,,,
,,,,,,,
,,,,,,,
,,,,,,,
,,,,,,,
,,,,,,,
,,,,,,,
,,,,,,,
,,,,,,,
,,,,,,,
,,,,,,,
,,,,,,,
,,,,,,,
,,,,,,,
,,,,,,,
,,,,,,,
,,,,,,,
,,,,,,,
,,,,,,,
,,,,,,,
,,,,,,,
,,,,,,,
,,,,,,,
,,,,,,,
,,,,,,,
,,,,,,,
,,,,,,,
,,,,,,,
,,,,,,,
,,,,,,,
,,,,,,,
,,,,,,,
,,,,,,,
,,,,,,,
,,,,,,,
,,,,,,,
,,,,,,,
,,,,,,,
,,,,,,,
,,,,,,,
,,,,,,,
,,,,,,,
,,,,,,,
,,,,,,,
,,,,,,,
,,,,,,,
,,,,,,,
,,,,,,,
,,,,,,,
,,,,,,,
,,,,,,,
,,,,,,,
,,,,,,,
,,,,,,,
,,,,,,,
,,,,,,,
,,,,,,,
,,,,,,,
,,,,,,,
,,,,,,,
,,,,,,,
,,,,,,,
,,,,,,,
,,,,,,,
,,,,,,,
,,,,,,,
,,,,,,,
,,,,,,,
,,,,,,,
,,,,,,,
,,,,,,,
,,,,,,,
,,,,,,,
,,,,,,,
,,,,,,,
,,,,,,,
,,,,,,,
,,,,,,,
,,,,,,,
,,,,,,,
,,,,,,,
,,,,,,,
,,,,,,,
,,,,,,,
,,,,,,,
,,,,,,,
,,,,,,,
,,,,,,,
,,,,,,,
,,,,,,,
,,,,,,,
,,,,,,,
,,,,,,,
,,,,,,,
,,,,,,,
,,,,,,,
,,,,,,,
,,,,,,,
,,,,,,,
,,,,,,,
,,,,,,,
,,,,,,,
,,,,,,,
,,,,,,,
,,,,,,,
,,,,,,,
,,,,,,,
,,,,,,,
,,,,,,,
,,,,,,,
,,,,,,,
,,,,,,,
,,,,,,,
,,,,,,,
,,,,,,,
,,,,,,,
,,,,,,,
,,,,,,,
,,,,,,,
,,,,,,,
,,,,,,,
,,,,,,,
,,,,,,,
,,,,,,,
,,,,,,,
,,,,,,,
,,,,,,,
,,,,,,,
,,,,,,,
,,,,,,,
,,,,,,,
,,,,,,,
,,,,,,,
,,,,,,,
,,,,,,,
,,,,,,,
,,,,,,,
,,,,,,,
,,,,,,,
,,,,,,,
,,,,,,,
,,,,,,,
,,,,,,,
,,,,,,,
,,,,,,,
,,,,,,,
,,,,,,,
,,,,,,,
,,,,,,,
,,,,,,,
,,,,,,,
,,,,,,,
,,,,,,,
,,,,,,,
,,,,,,,
,,,,,,,
,,,,,,,
,,,,,,,
,,,,,,,
,,,,,,,
,,,,,,,
,,,,,,,
,,,,,,,
,,,,,,,
,,,,,,,
,,,,,,,
,,,,,,,
,,,,,,,
,,,,,,,
,,,,,,,
,,,,,,,
,,,,,,,
,,,,,,,
,,,,,,,
,,,,,,,
,,,,,,,
,,,,,,,
,,,,,,,
,,,,,,,
,,,,,,,
,,,,,,,
,,,,,,,
,,,,,,,
,,,,,,,
,,,,,,,
,,,,,,,
,,,,,,,
,,,,,,,
,,,,,,,
,,,,,,,
,,,,,,,
,,,,,,,
,,,,,,,
,,,,,,,
,,,,,,,
,,,,,,,
,,,,,,,
,,,,,,,
,,,,,,,
,,,,,,,
,,,,,,,
,,,,,,,
,,,,,,,
,,,,,,,
,,,,,,,
,,,,,,,
,,,,,,,
,,,,,,,
,,,,,,,
,,,,,,,
,,,,,,,
,,,,,,,
,,,,,,,
,,,,,,,
,,,,,,,
,,,,,,,
,,,,,,,
,,,,,,,
,,,,,,,
,,,,,,,
,,,,,,,
,,,,,,,
,,,,,,,
,,,,,,,
,,,,,,,
,,,,,,,
,,,,,,,
,,,,,,,
,,,,,,,
,,,,,,,
,,,,,,,
,,,,,,,
,,,,,,,
,,,,,,,
,,,,,,,
,,,,,,,
,,,,,,,
,,,,,,,
,,,,,,,
,,,,,,,
,,,,,,,
,,,,,,,
,,,,,,,
,,,,,,,
,,,,,,,
,,,,,,,
,,,,,,,
,,,,,,,
,,,,,,,
,,,,,,,
,,,,,,,
,,,,,,,
,,,,,,,
,,,,,,,
,,,,,,,
,,,,,,,
,,,,,,,
,,,,,,,
,,,,,,,
,,,,,,,
,,,,,,,
,,,,,,,
,,,,,,,
,,,,,,,
,,,,,,,
,,,,,,,
,,,,,,,
,,,,,,,
,,,,,,,
,,,,,,,
,,,,,,,
,,,,,,,
,,,,,,,
,,,,,,,
,,,,,,,
,,,,,,,
,,,,,,,
,,,,,,,
,,,,,,,
,,,,,,,
,,,,,,,
,,,,,,,
,,,,,,,
,,,,,,,
,,,,,,,
,,,,,,,
,,,,,,,
,,,,,,,
,,,,,,,
,,,,,,,
,,,,,,,
,,,,,,,
,,,,,,,
,,,,,,,
,,,,,,,
,,,,,,,
,,,,,,,
,,,,,,,
,,,,,,,
,,,,,,,
,,,,,,,
,,,,,,,
,,,,,,,
,,,,,,,
,,,,,,,
,,,,,,,
,,,,,,,
,,,,,,,
,,,,,,,
,,,,,,,
,,,,,,,
,,,,,,,
,,,,,,,
,,,,,,,
,,,,,,,
,,,,,,,
,,,,,,,
,,,,,,,
,,,,,,,
,,,,,,,
,,,,,,,
,,,,,,,
,,,,,,,
,,,,,,,
,,,,,,,
,,,,,,,
,,,,,,,
,,,,,,,
,,,,,,,
,,,,,,,
,,,,,,,
,,,,,,,
,,,,,,,
,,,,,,,
,,,,,,,
,,,,,,,
,,,,,,,
,,,,,,,
,,,,,,,
,,,,,,,
,,,,,,,
,,,,,,,
,,,,,,,
,,,,,,,
,,,,,,,
,,,,,,,
,,,,,,,
,,,,,,,
,,,,,,,
,,,,,,,
,,,,,,,
,,,,,,,
,,,,,,,
,,,,,,,
,,,,,,,
,,,,,,,
,,,,,,,
,,,,,,,
,,,,,,,
,,,,,,,
,,,,,,,
,,,,,,,
,,,,,,,
,,,,,,,
,,,,,,,
,,,,,,,
,,,,,,,
,,,,,,,
,,,,,,,
,,,,,,,
,,,,,,,
,,,,,,,
,,,,,,,
,,,,,,,
,,,,,,,
,,,,,,,
,,,,,,,
,,,,,,,
,,,,,,,
,,,,,,,
,,,,,,,
,,,,,,,
,,,,,,,
,,,,,,,
,,,,,,,
,,,,,,,
,,,,,,,
,,,,,,,
,,,,,,,
,,,,,,,
,,,,,,,
,,,,,,,
,,,,,,,
,,,,,,,
,,,,,,,
,,,,,,,
,,,,,,,
,,,,,,,
,,,,,,,
,,,,,,,
,,,,,,,
,,,,,,,
,,,,,,,
,,,,,,,
,,,,,,,
,,,,,,,
,,,,,,,
,,,,,,,
,,,,,,,
,,,,,,,
,,,,,,,
,,,,,,,
,,,,,,,
,,,,,,,
,,,,,,,
,,,,,,,
,,,,,,,
,,,,,,,
,,,,,,,
,,,,,,,
,,,,,,,
,,,,,,,
,,,,,,,
,,,,,,,
,,,,,,,
,,,,,,,
,,,,,,,
,,,,,,,
,,,,,,,
,,,,,,,
,,,,,,,
,,,,,,,
,,,,,,,
,,,,,,,
,,,,,,,
,,,,,,,
,,,,,,,
,,,,,,,
,,,,,,,
,,,,,,,
,,,,,,,
,,,,,,,
,,,,,,,
,,,,,,,
,,,,,,,
,,,,,,,
,,,,,,,
,,,,,,,
,,,,,,,
,,,,,,,
,,,,,,,
,,,,,,,
,,,,,,,
,,,,,,,
,,,,,,,
,,,,,,,
,,,,,,,
,,,,,,,
,,,,,,,
,,,,,,,
,,,,,,,
,,,,,,,
,,,,,,,
,,,,,,,
,,,,,,,
,,,,,,,
,,,,,,,
,,,,,,,
,,,,,,,
,,,,,,,
,,,,,,,
,,,,,,,
,,,,,,,
,,,,,,,
,,,,,,,
,,,,,,,
,,,,,,,
,,,,,,,
,,,,,,,
,,,,,,,
,,,,,,,
,,,,,,,
,,,,,,,
,,,,,,,
,,,,,,,
,,,,,,,
,,,,,,,
,,,,,,,
,,,,,,,
,,,,,,,
,,,,,,,
,,,,,,,
,,,,,,,
,,,,,,,
,,,,,,,
,,,,,,,
,,,,,,,
,,,,,,,
,,,,,,,
,,,,,,,
,,,,,,,
,,,,,,,
,,,,,,,
,,,,,,,
,,,,,,,
,,,,,,,
,,,,,,,
,,,,,,,
,,,,,,,
,,,,,,,
,,,,,,,
,,,,,,,
,,,,,,,
,,,,,,,
,,,,,,,
,,,,,,,
,,,,,,,
,,,,,,,
,,,,,,,
,,,,,,,
,,,,,,,
,,,,,,,
,,,,,,,
,,,,,,,
,,,,,,,
,,,,,,,
,,,,,,,
,,,,,,,
,,,,,,,
,,,,,,,
,,,,,,,
,,,,,,,
,,,,,,,
,,,,,,,
,,,,,,,
,,,,,,,
,,,,,,,
,,,,,,,
,,,,,,,
,,,,,,,
,,,,,,,
,,,,,,,
,,,,,,,
,,,,,,,
,,,,,,,
,,,,,,,
,,,,,,,
,,,,,,,
,,,,,,,
,,,,,,,
,,,,,,,
,,,,,,,
,,,,,,,
,,,,,,,
,,,,,,,
,,,,,,,
,,,,,,,
,,,,,,,
,,,,,,,
,,,,,,,
,,,,,,,
,,,,,,,
,,,,,,,
,,,,,,,
,,,,,,,
,,,,,,,
,,,,,,,
,,,,,,,
,,,,,,,
,,,,,,,
,,,,,,,
,,,,,,,
,,,,,,,
,,,,,,,
,,,,,,,
,,,,,,,
,,,,,,,
,,,,,,,
,,,,,,,
,,,,,,,
,,,,,,,
,,,,,,,
,,,,,,,
,,,,,,,
,,,,,,,
,,,,,,,
,,,,,,,
,,,,,,,
,,,,,,,
,,,,,,,
,,,,,,,
,,,,,,,
,,,,,,,
,,,,,,,
,,,,,,,
,,,,,,,
,,,,,,,
,,,,,,,
,,,,,,,
,,,,,,,
,,,,,,,
,,,,,,,
,,,,,,,
,,,,,,,
,,,,,,,
,,,,,,,
,,,,,,,
,,,,,,,
,,,,,,,
,,,,,,,
,,,,,,,
,,,,,,,
,,,,,,,
